"","uid","city_name","offense_code","offense_type","offense_group","offense_against","date_single","longitude","latitude","location_type","location_category","census_block","date_start","date_end"
"1",2986447,"Chicago","09A","murder and nonnegligent manslaughter","homicide offenses","persons",2009-01-01 05:40:00,-87.648623,41.885028,"street","street","170318330001024",NA,NA
"2",2988560,"Chicago","09A","murder and nonnegligent manslaughter","homicide offenses","persons",2009-01-03 04:44:00,-87.651978,41.688143,"street","street","170317506003018",NA,NA
"3",2989127,"Chicago","09A","murder and nonnegligent manslaughter","homicide offenses","persons",2009-01-03 18:04:00,-87.573609,41.771663,"street","street","170314301013003",NA,NA
"4",2990053,"Chicago","09A","murder and nonnegligent manslaughter","homicide offenses","persons",2009-01-04 16:39:00,-87.598531,41.726865,"street","street","170314701001017",NA,NA
"5",2993906,"Chicago","09A","murder and nonnegligent manslaughter","homicide offenses","persons",2009-01-08 16:28:00,-87.72047,41.784656,"street","street","170316501004004",NA,NA
"6",2996138,"Chicago","09A","murder and nonnegligent manslaughter","homicide offenses","persons",2009-01-10 23:15:00,-87.624295,41.8028,"private vehicle","vehicle","170313818001010",NA,NA
"7",2996378,"Chicago","09A","murder and nonnegligent manslaughter","homicide offenses","persons",2009-01-11 09:00:00,-87.649952,41.730508,"private vehicle","vehicle","170317302021006",NA,NA
"8",2997968,"Chicago","09A","murder and nonnegligent manslaughter","homicide offenses","persons",2009-01-13 03:04:00,-87.683533,41.775145,"street","street","170316607001019",NA,NA
"9",3001480,"Chicago","09A","murder and nonnegligent manslaughter","homicide offenses","persons",2009-01-17 02:56:00,-87.698303,41.780389,"residence","residence","170316603011007",NA,NA
"10",3003083,"Chicago","09A","murder and nonnegligent manslaughter","homicide offenses","persons",2009-01-18 23:00:00,-87.712409,41.808749,"street","street","170315804003012",NA,NA
"11",3007998,"Chicago","09A","murder and nonnegligent manslaughter","homicide offenses","persons",2009-01-24 02:26:00,-87.718655,41.871728,"hotel","hotel","170312705001033",NA,NA
"12",3008462,"Chicago","09A","murder and nonnegligent manslaughter","homicide offenses","persons",2009-01-24 17:45:00,-87.629322,41.861926,"residence","residence","170313302002005",NA,NA
"13",3008463,"Chicago","09A","murder and nonnegligent manslaughter","homicide offenses","persons",2009-01-24 17:45:00,-87.629322,41.861926,"residence","residence","170313302002005",NA,NA
"14",3009224,"Chicago","09A","murder and nonnegligent manslaughter","homicide offenses","persons",2009-01-25 14:45:00,-87.650613,41.672226,"school","education","170315304001008",NA,NA
"15",3010520,"Chicago","09A","murder and nonnegligent manslaughter","homicide offenses","persons",2009-01-27 01:10:00,-87.674486,41.765707,"residence","residence","170316715002011",NA,NA
"16",3011636,"Chicago","09A","murder and nonnegligent manslaughter","homicide offenses","persons",2009-01-28 08:37:00,-87.620245,41.770461,"residence","residence","170316904004007",NA,NA
"17",3011637,"Chicago","09A","murder and nonnegligent manslaughter","homicide offenses","persons",2009-01-28 08:37:00,-87.620245,41.770461,"residence","residence","170316904004007",NA,NA
"18",3012203,"Chicago","09A","murder and nonnegligent manslaughter","homicide offenses","persons",2009-01-28 19:31:00,-87.661364,41.859379,"street","street","170313106001010",NA,NA
"19",3012285,"Chicago","09A","murder and nonnegligent manslaughter","homicide offenses","persons",2009-01-28 21:00:00,-87.550395,41.747706,"street","street","170314601003005",NA,NA
"20",3012726,"Chicago","09A","murder and nonnegligent manslaughter","homicide offenses","persons",2009-01-29 11:30:00,-87.622482,41.672003,"residence","residence","170315306002006",NA,NA
"21",3013431,"Chicago","09A","murder and nonnegligent manslaughter","homicide offenses","persons",2009-01-30 03:50:00,-87.61238,41.746786,"street","street","170314402014008",NA,NA
"22",3013432,"Chicago","09A","murder and nonnegligent manslaughter","homicide offenses","persons",2009-01-30 04:04:00,-87.663548,41.885393,"bar/club","leisure","170318330002039",NA,NA
"23",3014252,"Chicago","09A","murder and nonnegligent manslaughter","homicide offenses","persons",2009-01-30 21:50:00,-87.717448,41.892591,"street","street","170312315002006",NA,NA
"24",3014422,"Chicago","09A","murder and nonnegligent manslaughter","homicide offenses","persons",2009-01-31 01:10:00,-87.72629,41.971903,"residence","residence","170311403021002",NA,NA
"25",3014423,"Chicago","09A","murder and nonnegligent manslaughter","homicide offenses","persons",2009-01-31 01:10:00,-87.72629,41.971903,"residence","residence","170311403021002",NA,NA
"26",3015452,"Chicago","09A","murder and nonnegligent manslaughter","homicide offenses","persons",2009-02-01 02:00:00,-87.602625,41.746765,"street","street","170314401012001",NA,NA
"27",3015500,"Chicago","09A","murder and nonnegligent manslaughter","homicide offenses","persons",2009-02-01 03:40:00,-87.625777,41.797521,"street","street","170318361002009",NA,NA
"28",3021884,"Chicago","09A","murder and nonnegligent manslaughter","homicide offenses","persons",2009-02-07 17:30:00,-87.580709,41.707756,"private vehicle","vehicle","170318388002039",NA,NA
"29",3022352,"Chicago","09A","murder and nonnegligent manslaughter","homicide offenses","persons",2009-02-08 02:15:00,-87.654035,41.761993,"street","street","170316718001014",NA,NA
"30",3023106,"Chicago","09A","murder and nonnegligent manslaughter","homicide offenses","persons",2009-02-08 22:37:00,-87.661816,41.780593,"street","street","170316708002012",NA,NA
"31",3026888,"Chicago","09A","murder and nonnegligent manslaughter","homicide offenses","persons",2009-02-12 16:26:00,-87.686265,41.785994,"street","street","170318350001005",NA,NA
"32",3028250,"Chicago","09A","murder and nonnegligent manslaughter","homicide offenses","persons",2009-02-13 21:38:00,-87.756013,41.887237,"other retail","retail","170312519002000",NA,NA
"33",3028251,"Chicago","09A","murder and nonnegligent manslaughter","homicide offenses","persons",2009-02-13 21:38:00,-87.756013,41.887237,"other retail","retail","170312519002000",NA,NA
"34",3029160,"Chicago","09A","murder and nonnegligent manslaughter","homicide offenses","persons",2009-02-14 18:55:00,-87.623129,41.757289,"private vehicle","vehicle","170316913001009",NA,NA
"35",3029404,"Chicago","09A","murder and nonnegligent manslaughter","homicide offenses","persons",2009-02-14 23:10:00,-87.68766,41.878503,"residence","residence","170312808001009",NA,NA
"36",3029427,"Chicago","09A","murder and nonnegligent manslaughter","homicide offenses","persons",2009-02-14 23:55:00,-87.661258,41.855769,"street","street","170313106003005",NA,NA
"37",3029642,"Chicago","09A","murder and nonnegligent manslaughter","homicide offenses","persons",2009-02-15 04:45:00,-87.721341,41.86026,"residence","residence","170318387002016",NA,NA
"38",3029685,"Chicago","09A","murder and nonnegligent manslaughter","homicide offenses","persons",2009-02-15 07:01:00,-87.697597,41.779054,"street","street","170316603011020",NA,NA
"39",3030430,"Chicago","09A","murder and nonnegligent manslaughter","homicide offenses","persons",2009-02-16 03:07:00,-87.682871,41.750991,"other transportation","transportation","170317001002042",NA,NA
"40",3031976,"Chicago","09A","murder and nonnegligent manslaughter","homicide offenses","persons",2009-02-17 17:52:00,-87.616814,41.763211,"street","street","170316910001010",NA,NA
"41",3033027,"Chicago","09A","murder and nonnegligent manslaughter","homicide offenses","persons",2009-02-18 16:30:00,-87.662448,41.788597,"other open space","open space","170316702001025",NA,NA
"42",3034904,"Chicago","09A","murder and nonnegligent manslaughter","homicide offenses","persons",2009-02-20 14:59:00,-87.552805,41.736907,"street","street","170314608002004",NA,NA
"43",3034905,"Chicago","09A","murder and nonnegligent manslaughter","homicide offenses","persons",2009-02-20 14:59:00,-87.552805,41.736907,"street","street","170314608002004",NA,NA
"44",3034906,"Chicago","09A","murder and nonnegligent manslaughter","homicide offenses","persons",2009-02-20 14:59:00,-87.552805,41.736907,"street","street","170314608002004",NA,NA
"45",3035541,"Chicago","09A","murder and nonnegligent manslaughter","homicide offenses","persons",2009-02-21 01:45:00,-87.687463,41.817464,"street","street","170315807003002",NA,NA
"46",3036463,"Chicago","09A","murder and nonnegligent manslaughter","homicide offenses","persons",2009-02-22 05:58:00,-87.661509,41.864745,"vehicle parking","open space","170318429001002",NA,NA
"47",3037562,"Chicago","09A","murder and nonnegligent manslaughter","homicide offenses","persons",2009-02-23 15:10:00,-87.755616,41.895427,"private vehicle","vehicle","170312512002011",NA,NA
"48",3038796,"Chicago","09A","murder and nonnegligent manslaughter","homicide offenses","persons",2009-02-24 20:50:00,-87.72056,41.899068,"street","street","170312312003000",NA,NA
"49",3039437,"Chicago","09A","murder and nonnegligent manslaughter","homicide offenses","persons",2009-02-25 13:41:00,-87.765544,41.884228,"street","street","170312520001008",NA,NA
"50",3039965,"Chicago","09A","murder and nonnegligent manslaughter","homicide offenses","persons",2009-02-25 22:00:00,-87.662076,41.791251,"street","street","170316702001019",NA,NA
"51",3041175,"Chicago","09A","murder and nonnegligent manslaughter","homicide offenses","persons",2009-02-27 08:00:00,-87.691028,41.846508,"street","street","170313012002005",NA,NA
"52",3043332,"Chicago","09A","murder and nonnegligent manslaughter","homicide offenses","persons",2009-03-01 09:05:00,-87.635462,41.702802,"residence","residence","170314911002002",NA,NA
"53",3044723,"Chicago","09A","murder and nonnegligent manslaughter","homicide offenses","persons",2009-03-03 00:01:00,-87.763201,41.879274,"residence","residence","170312521024003",NA,NA
"54",3048532,"Chicago","09A","murder and nonnegligent manslaughter","homicide offenses","persons",2009-03-06 14:46:00,-87.79689,41.93706,"street","street","170311801001013",NA,NA
"55",3049166,"Chicago","09A","murder and nonnegligent manslaughter","homicide offenses","persons",2009-03-06 23:55:00,-87.545091,41.728319,"street","street","170314610001010",NA,NA
"56",3049298,"Chicago","09A","murder and nonnegligent manslaughter","homicide offenses","persons",2009-03-07 01:54:00,-87.765216,41.890222,"street","street","170312514002011",NA,NA
"57",3051922,"Chicago","09A","murder and nonnegligent manslaughter","homicide offenses","persons",2009-03-09 23:00:00,-87.670414,41.682292,"street","street","170317505004018",NA,NA
"58",3052867,"Chicago","09A","murder and nonnegligent manslaughter","homicide offenses","persons",2009-03-10 20:38:00,-87.721981,41.970623,"street","street","170311403022010",NA,NA
"59",3053349,"Chicago","09A","murder and nonnegligent manslaughter","homicide offenses","persons",2009-03-11 10:15:00,-87.707271,41.885382,"residence","residence","170318368002006",NA,NA
"60",3056461,"Chicago","09A","murder and nonnegligent manslaughter","homicide offenses","persons",2009-03-13 23:35:00,-87.650689,41.694082,"private vehicle","vehicle","170317501004001",NA,NA
"61",3058640,"Chicago","09A","murder and nonnegligent manslaughter","homicide offenses","persons",2009-03-16 00:22:00,-87.63088,41.671588,"street","street","170315305013017",NA,NA
"62",3059973,"Chicago","09A","murder and nonnegligent manslaughter","homicide offenses","persons",2009-03-17 11:11:00,-87.716346,41.856032,"street","street","170312922002003",NA,NA
"63",3060226,"Chicago","09A","murder and nonnegligent manslaughter","homicide offenses","persons",2009-03-17 15:04:00,-87.752728,41.907726,"street","street","170312508001008",NA,NA
"64",3060612,"Chicago","09A","murder and nonnegligent manslaughter","homicide offenses","persons",2009-03-17 20:49:00,-87.588009,41.776068,"street","street","170318439001015",NA,NA
"65",3060738,"Chicago","09A","murder and nonnegligent manslaughter","homicide offenses","persons",2009-03-17 22:14:00,-87.728862,41.912646,"street","street","170312305001001",NA,NA
"66",3062401,"Chicago","09A","murder and nonnegligent manslaughter","homicide offenses","persons",2009-03-19 12:59:00,-87.716955,41.834213,"vehicle parking","open space","170318305003006",NA,NA
"67",3065604,"Chicago","09A","murder and nonnegligent manslaughter","homicide offenses","persons",2009-03-22 08:12:00,-87.602036,41.742168,"residence","residence","170314401023001",NA,NA
"68",3068590,"Chicago","09A","murder and nonnegligent manslaughter","homicide offenses","persons",2009-03-24 23:20:00,-87.657989,41.728122,"street","street","170317302013017",NA,NA
"69",3070202,"Chicago","09A","murder and nonnegligent manslaughter","homicide offenses","persons",2009-03-26 12:00:00,-87.617728,41.799743,"residence","residence","170318361002000",NA,NA
"70",3071076,"Chicago","09A","murder and nonnegligent manslaughter","homicide offenses","persons",2009-03-27 01:43:00,-87.728454,41.869052,"street","street","170312610002028",NA,NA
"71",3072679,"Chicago","09A","murder and nonnegligent manslaughter","homicide offenses","persons",2009-03-28 15:54:00,-87.634141,41.698952,"residence","residence","170314911002022",NA,NA
"72",3076116,"Chicago","09A","murder and nonnegligent manslaughter","homicide offenses","persons",2009-04-01 06:00:00,-87.646954,41.769849,"other open space","open space","170316811001005",NA,NA
"73",3077858,"Chicago","09A","murder and nonnegligent manslaughter","homicide offenses","persons",2009-04-02 17:42:00,-87.605996,41.783453,"street","street","170314205002000",NA,NA
"74",3078884,"Chicago","09A","murder and nonnegligent manslaughter","homicide offenses","persons",2009-04-03 17:27:00,-87.762101,41.90218,"green space","open space","170312512004007",NA,NA
"75",3079375,"Chicago","09A","murder and nonnegligent manslaughter","homicide offenses","persons",2009-04-04 01:11:00,-87.601609,41.777844,"street","street","170314208001004",NA,NA
"76",3081176,"Chicago","09A","murder and nonnegligent manslaughter","homicide offenses","persons",2009-04-05 23:13:00,-87.686111,41.780091,"residence","residence","170318350002008",NA,NA
"77",3081772,"Chicago","09A","murder and nonnegligent manslaughter","homicide offenses","persons",2009-04-06 17:25:00,-87.71988,41.892206,"residence","residence","170312315004023",NA,NA
"78",3082245,"Chicago","09A","murder and nonnegligent manslaughter","homicide offenses","persons",2009-04-07 04:45:00,-87.774285,41.906096,"street","street","170312506004016",NA,NA
"79",3083641,"Chicago","09A","murder and nonnegligent manslaughter","homicide offenses","persons",2009-04-08 12:33:00,-87.650179,41.753348,"residence","residence","170317102003010",NA,NA
"80",3084170,"Chicago","09A","murder and nonnegligent manslaughter","homicide offenses","persons",2009-04-08 21:07:00,-87.597282,41.724648,"green space","open space","170314701001012",NA,NA
"81",3084462,"Chicago","09A","murder and nonnegligent manslaughter","homicide offenses","persons",2009-04-09 03:17:00,-87.734925,41.900705,"residence","residence","170318421001013",NA,NA
"82",3084676,"Chicago","09A","murder and nonnegligent manslaughter","homicide offenses","persons",2009-04-09 11:16:00,-87.691538,41.847696,"street","street","170313012003008",NA,NA
"83",3090032,"Chicago","09A","murder and nonnegligent manslaughter","homicide offenses","persons",2009-04-14 18:19:00,-87.663464,41.677502,"vehicle parking","open space","170317505004003",NA,NA
"84",3091008,"Chicago","09A","murder and nonnegligent manslaughter","homicide offenses","persons",2009-04-15 15:45:00,-87.735898,41.871542,"private vehicle","vehicle","170312610001021",NA,NA
"85",3091779,"Chicago","09A","murder and nonnegligent manslaughter","homicide offenses","persons",2009-04-16 09:20:00,-87.659042,41.864063,"street","street","170318429001072",NA,NA
"86",3092689,"Chicago","09A","murder and nonnegligent manslaughter","homicide offenses","persons",2009-04-17 00:58:00,-87.668917,41.803105,"green space","open space","170316113002002",NA,NA
"87",3093256,"Chicago","09A","murder and nonnegligent manslaughter","homicide offenses","persons",2009-04-17 14:40:00,-87.709566,41.880932,"street","street","170318369002004",NA,NA
"88",3093365,"Chicago","09A","murder and nonnegligent manslaughter","homicide offenses","persons",2009-04-17 16:05:00,-87.614956,41.750658,"street","street","170314403002000",NA,NA
"89",3093919,"Chicago","09A","murder and nonnegligent manslaughter","homicide offenses","persons",2009-04-18 00:16:00,-87.628417,41.764408,"other retail","retail","170316911004013",NA,NA
"90",3095153,"Chicago","09A","murder and nonnegligent manslaughter","homicide offenses","persons",2009-04-19 04:12:00,-87.638119,41.739623,"street","street","170317109002015",NA,NA
"91",3095505,"Chicago","09A","murder and nonnegligent manslaughter","homicide offenses","persons",2009-04-19 15:15:00,-87.710209,41.902796,"street","street","170312309002019",NA,NA
"92",3095528,"Chicago","09A","murder and nonnegligent manslaughter","homicide offenses","persons",2009-04-19 15:48:00,-87.774065,41.899292,"street","street","170312513005006",NA,NA
"93",3097025,"Chicago","09A","murder and nonnegligent manslaughter","homicide offenses","persons",2009-04-21 02:50:00,-87.60044,41.779716,"street","street","170314208001005",NA,NA
"94",3098038,"Chicago","09A","murder and nonnegligent manslaughter","homicide offenses","persons",2009-04-22 01:12:00,-87.560773,41.700011,"street","street","170318388001012",NA,NA
"95",3098560,"Chicago","09A","murder and nonnegligent manslaughter","homicide offenses","persons",2009-04-22 15:00:00,-87.585054,41.729407,"hotel","hotel","170314804005016",NA,NA
"96",3098726,"Chicago","09A","murder and nonnegligent manslaughter","homicide offenses","persons",2009-04-22 17:47:00,-87.717689,41.900054,"street","street","170312312001007",NA,NA
"97",3099008,"Chicago","09A","murder and nonnegligent manslaughter","homicide offenses","persons",2009-04-22 21:37:00,-87.648087,41.766346,"street","street","170316811003007",NA,NA
"98",3099061,"Chicago","09A","murder and nonnegligent manslaughter","homicide offenses","persons",2009-04-22 22:15:00,-87.614975,41.751942,"gas station","retail","170316914005008",NA,NA
"99",3099210,"Chicago","09A","murder and nonnegligent manslaughter","homicide offenses","persons",2009-04-23 00:48:00,-87.73671,41.897926,"street","street","170318421002001",NA,NA
"100",3099630,"Chicago","09A","murder and nonnegligent manslaughter","homicide offenses","persons",2009-04-23 14:17:00,-87.721198,41.872592,"street","street","170312609001002",NA,NA
"101",3099726,"Chicago","09A","murder and nonnegligent manslaughter","homicide offenses","persons",2009-04-23 15:30:00,-87.682479,42.019464,"vehicle parking","open space","170310102013001",NA,NA
"102",3100183,"Chicago","09A","murder and nonnegligent manslaughter","homicide offenses","persons",2009-04-23 23:05:00,-87.77429,41.906299,"street","street","170312506004016",NA,NA
"103",3100432,"Chicago","09A","murder and nonnegligent manslaughter","homicide offenses","persons",2009-04-24 08:28:00,-87.661367,41.859434,"street","street","170313106001010",NA,NA
"104",3102173,"Chicago","09A","murder and nonnegligent manslaughter","homicide offenses","persons",2009-04-25 16:42:00,-87.651361,41.799176,"street","street","170316120002002",NA,NA
"105",3103018,"Chicago","09A","murder and nonnegligent manslaughter","homicide offenses","persons",2009-04-26 14:45:00,-87.59675,41.654458,"street","street","170315401011006",NA,NA
"106",3103638,"Chicago","09A","murder and nonnegligent manslaughter","homicide offenses","persons",2009-04-27 01:20:00,-87.56383,41.753123,"street","street","170314313013005",NA,NA
"107",3103718,"Chicago","09A","murder and nonnegligent manslaughter","homicide offenses","persons",2009-04-27 05:55:00,-87.71346,41.914919,"street","street","170312228001011",NA,NA
"108",3104083,"Chicago","09A","murder and nonnegligent manslaughter","homicide offenses","persons",2009-04-27 13:16:00,-87.619355,41.832201,"residence","residence","170318395001015",NA,NA
"109",3105570,"Chicago","09A","murder and nonnegligent manslaughter","homicide offenses","persons",2009-04-28 20:45:00,-87.649323,41.793876,"street","street","170318347002001",NA,NA
"110",3106903,"Chicago","09A","murder and nonnegligent manslaughter","homicide offenses","persons",2009-04-30 00:01:00,-87.755348,41.888093,"other retail","retail","170312515002013",NA,NA
"111",3106918,"Chicago","09A","murder and nonnegligent manslaughter","homicide offenses","persons",2009-04-30 00:41:00,-87.759738,41.894899,"street","street","170312512003009",NA,NA
"112",3109291,"Chicago","09A","murder and nonnegligent manslaughter","homicide offenses","persons",2009-05-02 00:05:00,-87.690572,41.764103,"street","street","170316610005004",NA,NA
"113",3109417,"Chicago","09A","murder and nonnegligent manslaughter","homicide offenses","persons",2009-05-02 03:15:00,-87.622215,41.702979,"residence","residence","170314909022022",NA,NA
"114",3109464,"Chicago","09A","murder and nonnegligent manslaughter","homicide offenses","persons",2009-05-02 05:02:00,-87.560039,41.744088,"street","street","170314603023008",NA,NA
"115",3109810,"Chicago","09A","murder and nonnegligent manslaughter","homicide offenses","persons",2009-05-02 15:15:00,-87.614429,41.699997,"private vehicle","vehicle","170314909023020",NA,NA
"116",3110236,"Chicago","09A","murder and nonnegligent manslaughter","homicide offenses","persons",2009-05-02 22:35:00,-87.699836,41.794495,"street","street","170316304003012",NA,NA
"117",3110332,"Chicago","09A","murder and nonnegligent manslaughter","homicide offenses","persons",2009-05-03 00:10:00,-87.707273,41.969012,"street","street","170311401002005",NA,NA
"118",3110545,"Chicago","09A","murder and nonnegligent manslaughter","homicide offenses","persons",2009-05-03 05:53:00,-87.70669,41.899745,"street","street","170312409001018",NA,NA
"119",3110546,"Chicago","09A","murder and nonnegligent manslaughter","homicide offenses","persons",2009-05-03 05:53:00,-87.70669,41.899745,"street","street","170312409001018",NA,NA
"120",3110803,"Chicago","09A","murder and nonnegligent manslaughter","homicide offenses","persons",2009-05-03 14:54:00,-87.557322,41.758573,"residence","residence","170314314002003",NA,NA
"121",3110884,"Chicago","09A","murder and nonnegligent manslaughter","homicide offenses","persons",2009-05-03 16:33:00,-87.707273,41.969012,"street","street","170311401002005",NA,NA
"122",3112488,"Chicago","09A","murder and nonnegligent manslaughter","homicide offenses","persons",2009-05-05 05:40:00,-87.637643,41.786394,"street","street","170318346001013",NA,NA
"123",3113803,"Chicago","09A","murder and nonnegligent manslaughter","homicide offenses","persons",2009-05-06 09:07:00,-87.736493,41.877848,"street","street","170312605001008",NA,NA
"124",3116281,"Chicago","09A","murder and nonnegligent manslaughter","homicide offenses","persons",2009-05-08 11:46:00,-87.544279,41.745271,"street","street","170314601001016",NA,NA
"125",3121640,"Chicago","09A","murder and nonnegligent manslaughter","homicide offenses","persons",2009-05-13 03:00:00,-87.672061,41.800524,"private vehicle","vehicle","170316117003001",NA,NA
"126",3121750,"Chicago","09A","murder and nonnegligent manslaughter","homicide offenses","persons",2009-05-13 08:08:00,-87.762534,41.873853,"other commercial","commercial","170312521023004",NA,NA
"127",3123659,"Chicago","09A","murder and nonnegligent manslaughter","homicide offenses","persons",2009-05-14 21:27:00,-87.745433,41.909634,"other retail","retail","170318313001010",NA,NA
"128",3124185,"Chicago","09A","murder and nonnegligent manslaughter","homicide offenses","persons",2009-05-15 10:31:00,-87.674747,41.793912,"street","street","170316116002014",NA,NA
"129",3124580,"Chicago","09A","murder and nonnegligent manslaughter","homicide offenses","persons",2009-05-15 17:35:00,-87.766554,41.891746,"residence","residence","170312514002003",NA,NA
"130",3125036,"Chicago","09A","murder and nonnegligent manslaughter","homicide offenses","persons",2009-05-16 02:03:00,-87.720415,41.852686,"private vehicle","vehicle","170312924002020",NA,NA
"131",3125131,"Chicago","09A","murder and nonnegligent manslaughter","homicide offenses","persons",2009-05-16 04:42:00,-87.745956,41.870254,"street","street","170318314001028",NA,NA
"132",3125928,"Chicago","09A","murder and nonnegligent manslaughter","homicide offenses","persons",2009-05-16 21:55:00,-87.546679,41.74439,"private vehicle","vehicle","170314602002001",NA,NA
"133",3126101,"Chicago","09A","murder and nonnegligent manslaughter","homicide offenses","persons",2009-05-17 00:29:00,-87.754997,41.90951,"vehicle parking","open space","170312508001004",NA,NA
"134",3126523,"Chicago","09A","murder and nonnegligent manslaughter","homicide offenses","persons",2009-05-17 13:15:00,-87.679443,41.763752,"street","street","170316610001022",NA,NA
"135",3126903,"Chicago","09A","murder and nonnegligent manslaughter","homicide offenses","persons",2009-05-17 20:30:00,-87.572496,41.7616,"residence","residence","170314308001008",NA,NA
"136",3126909,"Chicago","09A","murder and nonnegligent manslaughter","homicide offenses","persons",2009-05-17 20:40:00,-87.632482,41.824266,"vehicle parking","open space","170313406001011",NA,NA
"137",3127113,"Chicago","09A","murder and nonnegligent manslaughter","homicide offenses","persons",2009-05-18 00:58:00,-87.666585,41.731514,"residence","residence","170317113002010",NA,NA
"138",3128298,"Chicago","09A","murder and nonnegligent manslaughter","homicide offenses","persons",2009-05-19 04:44:00,-87.696909,41.904129,"street","street","170312426001007",NA,NA
"139",3130478,"Chicago","09A","murder and nonnegligent manslaughter","homicide offenses","persons",2009-05-20 23:00:00,-87.606297,41.723059,"street","street","170314902003025",NA,NA
"140",3131599,"Chicago","09A","murder and nonnegligent manslaughter","homicide offenses","persons",2009-05-21 22:19:00,-87.70262,41.875911,"private vehicle","vehicle","170312712001025",NA,NA
"141",3131600,"Chicago","09A","murder and nonnegligent manslaughter","homicide offenses","persons",2009-05-21 22:20:00,-87.607096,41.776303,"street","street","170314207002000",NA,NA
"142",3131601,"Chicago","09A","murder and nonnegligent manslaughter","homicide offenses","persons",2009-05-21 22:22:00,-87.70262,41.875911,"private vehicle","vehicle","170312712001025",NA,NA
"143",3131656,"Chicago","09A","murder and nonnegligent manslaughter","homicide offenses","persons",2009-05-21 23:15:00,-87.754697,41.908581,"other open space","open space","170312508001005",NA,NA
"144",3133567,"Chicago","09A","murder and nonnegligent manslaughter","homicide offenses","persons",2009-05-23 17:35:00,-87.65467,41.786246,"street","street","170316709001003",NA,NA
"145",3133906,"Chicago","09A","murder and nonnegligent manslaughter","homicide offenses","persons",2009-05-23 23:27:00,-87.720163,41.867595,"street","street","170318430001016",NA,NA
"146",3134595,"Chicago","09A","murder and nonnegligent manslaughter","homicide offenses","persons",2009-05-24 16:55:00,-87.620237,41.770257,"street","street","170316904001009",NA,NA
"147",3135169,"Chicago","09A","murder and nonnegligent manslaughter","homicide offenses","persons",2009-05-25 04:08:00,-87.72191,41.807891,"residence","residence","170315704001008",NA,NA
"148",3139462,"Chicago","09A","murder and nonnegligent manslaughter","homicide offenses","persons",2009-05-29 00:02:00,-87.561246,41.743663,"street","street","170314603023013",NA,NA
"149",3139501,"Chicago","09A","murder and nonnegligent manslaughter","homicide offenses","persons",2009-05-29 01:00:00,-87.731629,41.876102,"street","street","170312606002006",NA,NA
"150",3140577,"Chicago","09A","murder and nonnegligent manslaughter","homicide offenses","persons",2009-05-29 23:39:00,-87.662029,41.789428,"street","street","170316702001025",NA,NA
"151",3140864,"Chicago","09A","murder and nonnegligent manslaughter","homicide offenses","persons",2009-05-30 06:15:00,-87.654815,41.968582,"other retail","retail","170318307002000",NA,NA
"152",3141670,"Chicago","09A","murder and nonnegligent manslaughter","homicide offenses","persons",2009-05-30 23:53:00,-87.600944,41.705678,"street","street","170315002001000",NA,NA
"153",3141707,"Chicago","09A","murder and nonnegligent manslaughter","homicide offenses","persons",2009-05-31 00:18:00,-87.69699,41.776707,"street","street","170316606004010",NA,NA
"154",3141811,"Chicago","09A","murder and nonnegligent manslaughter","homicide offenses","persons",2009-05-31 02:00:00,-87.618508,41.702358,"street","street","170314909023005",NA,NA
"155",3141860,"Chicago","09A","murder and nonnegligent manslaughter","homicide offenses","persons",2009-05-31 03:04:00,-87.650983,41.885915,"street","street","170318330001015",NA,NA
"156",3141932,"Chicago","09A","murder and nonnegligent manslaughter","homicide offenses","persons",2009-05-31 05:55:00,-87.733646,41.901184,"street","street","170318421001006",NA,NA
"157",3141933,"Chicago","09A","murder and nonnegligent manslaughter","homicide offenses","persons",2009-05-31 05:55:00,-87.733646,41.901184,"street","street","170318421001006",NA,NA
"158",3142309,"Chicago","09A","murder and nonnegligent manslaughter","homicide offenses","persons",2009-05-31 16:00:00,-87.604372,41.749469,"street","street","170314401014004",NA,NA
"159",3142795,"Chicago","09A","murder and nonnegligent manslaughter","homicide offenses","persons",2009-06-01 00:12:00,-87.667972,41.784186,"street","street","170316707001011",NA,NA
"160",3142883,"Chicago","09A","murder and nonnegligent manslaughter","homicide offenses","persons",2009-06-01 04:05:00,-87.717633,41.749637,"bar/club","leisure","170317002003018",NA,NA
"161",3145106,"Chicago","09A","murder and nonnegligent manslaughter","homicide offenses","persons",2009-06-03 01:09:00,-87.546655,41.74333,"street","street","170314602002000",NA,NA
"162",3145130,"Chicago","09A","murder and nonnegligent manslaughter","homicide offenses","persons",2009-06-03 02:06:00,-87.636814,41.753902,"residence","residence","170316912003004",NA,NA
"163",3146264,"Chicago","09A","murder and nonnegligent manslaughter","homicide offenses","persons",2009-06-04 01:52:00,-87.770854,41.89104,"street","street","170312514004010",NA,NA
"164",3146276,"Chicago","09A","murder and nonnegligent manslaughter","homicide offenses","persons",2009-06-04 02:00:00,-87.639354,41.735892,"residence","residence","170317115002000",NA,NA
"165",3147702,"Chicago","09A","murder and nonnegligent manslaughter","homicide offenses","persons",2009-06-05 12:20:00,-87.624346,41.804847,"private vehicle","vehicle","170313818001010",NA,NA
"166",3148800,"Chicago","09A","murder and nonnegligent manslaughter","homicide offenses","persons",2009-06-06 10:44:00,-87.732019,41.803148,"street","street","170315703004023",NA,NA
"167",3149919,"Chicago","09A","murder and nonnegligent manslaughter","homicide offenses","persons",2009-06-07 13:51:00,-87.598811,41.725791,"street","street","170314701001011",NA,NA
"168",3151132,"Chicago","09A","murder and nonnegligent manslaughter","homicide offenses","persons",2009-06-08 17:08:00,-87.627984,41.75741,"street","street","170316912002012",NA,NA
"169",3151184,"Chicago","09A","murder and nonnegligent manslaughter","homicide offenses","persons",2009-06-08 18:03:00,-87.639091,41.684037,"street","street","170315302004009",NA,NA
"170",3151487,"Chicago","09A","murder and nonnegligent manslaughter","homicide offenses","persons",2009-06-08 22:26:00,-87.69623,41.921792,"street","street","170312214002001",NA,NA
"171",3152312,"Chicago","09A","murder and nonnegligent manslaughter","homicide offenses","persons",2009-06-09 17:36:00,-87.73366,41.863489,"other open space","open space","170312909004023",NA,NA
"172",3156436,"Chicago","09A","murder and nonnegligent manslaughter","homicide offenses","persons",2009-06-13 09:12:00,-87.601263,41.797573,"residence","residence","170314105001005",NA,NA
"173",3157284,"Chicago","09A","murder and nonnegligent manslaughter","homicide offenses","persons",2009-06-14 01:57:00,-87.695196,41.800101,"other open space","open space","170316304001001",NA,NA
"174",3159829,"Chicago","09A","murder and nonnegligent manslaughter","homicide offenses","persons",2009-06-16 14:35:00,-87.679843,41.991164,"street","street","170310209022004",NA,NA
"175",3160013,"Chicago","09A","murder and nonnegligent manslaughter","homicide offenses","persons",2009-06-16 18:02:00,-87.601685,41.808854,"street","street","170313905001003",NA,NA
"176",3160502,"Chicago","09A","murder and nonnegligent manslaughter","homicide offenses","persons",2009-06-17 08:40:00,-87.724957,41.742857,"other open space","open space","170317003012007",NA,NA
"177",3160753,"Chicago","09A","murder and nonnegligent manslaughter","homicide offenses","persons",2009-06-17 13:40:00,-87.666093,41.790369,"street","street","170316703001002",NA,NA
"178",3161347,"Chicago","09A","murder and nonnegligent manslaughter","homicide offenses","persons",2009-06-17 23:19:00,-87.710204,41.747855,"street","street","170317004011035",NA,NA
"179",3161432,"Chicago","09A","murder and nonnegligent manslaughter","homicide offenses","persons",2009-06-18 00:50:00,-87.750808,41.889351,"street","street","170312516002008",NA,NA
"180",3162544,"Chicago","09A","murder and nonnegligent manslaughter","homicide offenses","persons",2009-06-19 00:15:00,-87.742389,41.781404,"street","street","170319801001004",NA,NA
"181",3163202,"Chicago","09A","murder and nonnegligent manslaughter","homicide offenses","persons",2009-06-19 17:00:00,-87.703075,41.863589,"other open space","open space","170318431001001",NA,NA
"182",3163287,"Chicago","09A","murder and nonnegligent manslaughter","homicide offenses","persons",2009-06-19 18:42:00,-87.65032,41.794241,"street","street","170316120002020",NA,NA
"183",3164571,"Chicago","09A","murder and nonnegligent manslaughter","homicide offenses","persons",2009-06-20 21:59:00,-87.687195,41.90934,"private vehicle","vehicle","170312411001004",NA,NA
"184",3165150,"Chicago","09A","murder and nonnegligent manslaughter","homicide offenses","persons",2009-06-21 08:39:00,-87.586701,41.727324,"street","street","170314803001020",NA,NA
"185",3165534,"Chicago","09A","murder and nonnegligent manslaughter","homicide offenses","persons",2009-06-21 18:08:00,-87.762489,41.900349,"street","street","170312512004011",NA,NA
"186",3165741,"Chicago","09A","murder and nonnegligent manslaughter","homicide offenses","persons",2009-06-21 21:55:00,-87.601657,41.755859,"street","street","170316915002017",NA,NA
"187",3166137,"Chicago","09A","murder and nonnegligent manslaughter","homicide offenses","persons",2009-06-22 07:13:00,-87.730377,41.87497,"street","street","170312607002013",NA,NA
"188",3167428,"Chicago","09A","murder and nonnegligent manslaughter","homicide offenses","persons",2009-06-23 10:58:00,-87.704242,41.814885,"street","street","170315804001013",NA,NA
"189",3167477,"Chicago","09A","murder and nonnegligent manslaughter","homicide offenses","persons",2009-06-23 11:39:00,-87.727378,41.858176,"street","street","170312925001010",NA,NA
"190",3167918,"Chicago","09A","murder and nonnegligent manslaughter","homicide offenses","persons",2009-06-23 19:00:00,-87.632688,41.782829,"street","street","170318346001033",NA,NA
"191",3169113,"Chicago","09A","murder and nonnegligent manslaughter","homicide offenses","persons",2009-06-24 18:51:00,-87.634511,41.759091,"street","street","170316911003009",NA,NA
"192",3169539,"Chicago","09A","murder and nonnegligent manslaughter","homicide offenses","persons",2009-06-25 00:47:00,-87.628529,41.689799,"residence","residence","170314913004015",NA,NA
"193",3170709,"Chicago","09A","murder and nonnegligent manslaughter","homicide offenses","persons",2009-06-26 03:34:00,-87.696188,41.877253,"street","street","170318370001012",NA,NA
"194",3170711,"Chicago","09A","murder and nonnegligent manslaughter","homicide offenses","persons",2009-06-26 03:40:00,-87.753714,41.9059,"green space","open space","170312508001018",NA,NA
"195",3171596,"Chicago","09A","murder and nonnegligent manslaughter","homicide offenses","persons",2009-06-26 21:40:00,-87.711242,41.855019,"street","street","170318447001004",NA,NA
"196",3171861,"Chicago","09A","murder and nonnegligent manslaughter","homicide offenses","persons",2009-06-27 01:59:00,-87.778785,41.931098,"street","street","170311906011000",NA,NA
"197",3171911,"Chicago","09A","murder and nonnegligent manslaughter","homicide offenses","persons",2009-06-27 02:50:00,-87.687474,41.785697,"street","street","170318350001007",NA,NA
"198",3171949,"Chicago","09A","murder and nonnegligent manslaughter","homicide offenses","persons",2009-06-27 03:34:00,-87.651319,41.785114,"street","street","170316806001007",NA,NA
"199",3172058,"Chicago","09A","murder and nonnegligent manslaughter","homicide offenses","persons",2009-06-27 07:06:00,-87.688835,41.910302,"street","street","170312411001001",NA,NA
"200",3172743,"Chicago","09A","murder and nonnegligent manslaughter","homicide offenses","persons",2009-06-27 19:50:00,-87.728759,41.880689,"street","street","170312602001025",NA,NA
"201",3172808,"Chicago","09A","murder and nonnegligent manslaughter","homicide offenses","persons",2009-06-27 20:50:00,-87.69967,41.78563,"street","street","170316603023003",NA,NA
"202",3175468,"Chicago","09A","murder and nonnegligent manslaughter","homicide offenses","persons",2009-06-30 07:07:00,-87.697157,41.916128,"street","street","170318324001005",NA,NA
"203",3175955,"Chicago","09A","murder and nonnegligent manslaughter","homicide offenses","persons",2009-06-30 16:00:00,-87.656632,41.722661,"street","street","170317302015014",NA,NA
"204",3177783,"Chicago","09A","murder and nonnegligent manslaughter","homicide offenses","persons",2009-07-02 00:30:00,-87.78747,42.011995,"residence","residence","170311201004004",NA,NA
"205",3178822,"Chicago","09A","murder and nonnegligent manslaughter","homicide offenses","persons",2009-07-02 23:25:00,-87.566914,41.751719,"gas station","retail","170314312001028",NA,NA
"206",3179512,"Chicago","09A","murder and nonnegligent manslaughter","homicide offenses","persons",2009-07-03 16:40:00,-87.659299,41.762247,"street","street","170316719001023",NA,NA
"207",3179613,"Chicago","09A","murder and nonnegligent manslaughter","homicide offenses","persons",2009-07-03 18:00:00,-87.690365,41.802008,"residence","residence","170316306001006",NA,NA
"208",3180996,"Chicago","09A","murder and nonnegligent manslaughter","homicide offenses","persons",2009-07-04 23:58:00,-87.610388,41.815833,"residence","residence","170318360003008",NA,NA
"209",3181100,"Chicago","09A","murder and nonnegligent manslaughter","homicide offenses","persons",2009-07-05 01:00:00,-87.642576,41.788682,"street","street","170318347003017",NA,NA
"210",3181176,"Chicago","09A","murder and nonnegligent manslaughter","homicide offenses","persons",2009-07-05 03:00:00,-87.595815,41.780526,"private vehicle","vehicle","170314202001016",NA,NA
"211",3181177,"Chicago","09A","murder and nonnegligent manslaughter","homicide offenses","persons",2009-07-05 03:00:00,-87.595815,41.780526,"private vehicle","vehicle","170314202001016",NA,NA
"212",3181336,"Chicago","09A","murder and nonnegligent manslaughter","homicide offenses","persons",2009-07-05 10:38:00,-87.612659,41.808951,"street","street","170313812002018",NA,NA
"213",3181382,"Chicago","09A","murder and nonnegligent manslaughter","homicide offenses","persons",2009-07-05 11:43:00,-87.667376,41.807772,"street","street","170316113003000",NA,NA
"214",3181944,"Chicago","09A","murder and nonnegligent manslaughter","homicide offenses","persons",2009-07-05 22:35:00,-87.61123,41.728337,"residence","residence","170314409003011",NA,NA
"215",3182044,"Chicago","09A","murder and nonnegligent manslaughter","homicide offenses","persons",2009-07-06 00:16:00,-87.634043,41.683364,"street","street","170315302004005",NA,NA
"216",3182064,"Chicago","09A","murder and nonnegligent manslaughter","homicide offenses","persons",2009-07-06 00:45:00,-87.656106,41.762296,"residence","residence","170316718001012",NA,NA
"217",3182182,"Chicago","09A","murder and nonnegligent manslaughter","homicide offenses","persons",2009-07-06 05:21:00,-87.694121,41.780929,"street","street","170316603011001",NA,NA
"218",3182445,"Chicago","09A","murder and nonnegligent manslaughter","homicide offenses","persons",2009-07-06 12:00:00,-87.565076,41.754698,"street","street","170314313012005",NA,NA
"219",3182877,"Chicago","09A","murder and nonnegligent manslaughter","homicide offenses","persons",2009-07-06 20:01:00,-87.709514,41.874582,"street","street","170312713001013",NA,NA
"220",3182996,"Chicago","09A","murder and nonnegligent manslaughter","homicide offenses","persons",2009-07-06 22:04:00,-87.712304,41.877259,"street","street","170312714001016",NA,NA
"221",3183267,"Chicago","09A","murder and nonnegligent manslaughter","homicide offenses","persons",2009-07-07 05:37:00,-87.754264,41.89188,"street","street","170312516003006",NA,NA
"222",3184542,"Chicago","09A","murder and nonnegligent manslaughter","homicide offenses","persons",2009-07-08 09:33:00,-87.743242,41.810816,"private vehicle","vehicle","170315601001031",NA,NA
"223",3185464,"Chicago","09A","murder and nonnegligent manslaughter","homicide offenses","persons",2009-07-09 02:31:00,-87.659983,41.864275,"residence","residence","170318429001060",NA,NA
"224",3185476,"Chicago","09A","murder and nonnegligent manslaughter","homicide offenses","persons",2009-07-09 03:08:00,-87.750615,41.811954,"private vehicle","vehicle","170315602001003",NA,NA
"225",3185977,"Chicago","09A","murder and nonnegligent manslaughter","homicide offenses","persons",2009-07-09 15:54:00,-87.749398,41.892237,"street","street","170312516001011",NA,NA
"226",3186573,"Chicago","09A","murder and nonnegligent manslaughter","homicide offenses","persons",2009-07-10 01:20:00,-87.58967,41.761814,"private vehicle","vehicle","170314304003003",NA,NA
"227",3187978,"Chicago","09A","murder and nonnegligent manslaughter","homicide offenses","persons",2009-07-11 06:37:00,-87.694105,41.793687,"gas station","retail","170316304002016",NA,NA
"228",3189067,"Chicago","09A","murder and nonnegligent manslaughter","homicide offenses","persons",2009-07-12 04:15:00,-87.706345,41.847523,"residence","residence","170313008002002",NA,NA
"229",3189793,"Chicago","09A","murder and nonnegligent manslaughter","homicide offenses","persons",2009-07-12 21:36:00,-87.568966,41.713466,"street","street","170315103004015",NA,NA
"230",3190029,"Chicago","09A","murder and nonnegligent manslaughter","homicide offenses","persons",2009-07-13 01:25:00,-87.660413,41.895103,"street","street","170312434001012",NA,NA
"231",3190363,"Chicago","09A","murder and nonnegligent manslaughter","homicide offenses","persons",2009-07-13 12:13:00,-87.670435,41.785679,"private vehicle","vehicle","170316706001004",NA,NA
"232",3191087,"Chicago","09A","murder and nonnegligent manslaughter","homicide offenses","persons",2009-07-14 00:30:00,-87.640405,41.736297,"private vehicle","vehicle","170317109002036",NA,NA
"233",3191191,"Chicago","09A","murder and nonnegligent manslaughter","homicide offenses","persons",2009-07-14 03:56:00,-87.644791,41.8579,"private vehicle","vehicle","170313102002000",NA,NA
"234",3191198,"Chicago","09A","murder and nonnegligent manslaughter","homicide offenses","persons",2009-07-14 04:00:00,-87.640401,41.73257,"street","street","170317115002019",NA,NA
"235",3193210,"Chicago","09A","murder and nonnegligent manslaughter","homicide offenses","persons",2009-07-15 22:07:00,-87.701877,41.921478,"street","street","170312213001011",NA,NA
"236",3193351,"Chicago","09A","murder and nonnegligent manslaughter","homicide offenses","persons",2009-07-16 00:03:00,-87.636252,41.777389,"street","street","170316809002021",NA,NA
"237",3193485,"Chicago","09A","murder and nonnegligent manslaughter","homicide offenses","persons",2009-07-16 04:38:00,-87.632233,41.787214,"private vehicle","vehicle","170318346001006",NA,NA
"238",3193486,"Chicago","09A","murder and nonnegligent manslaughter","homicide offenses","persons",2009-07-16 04:45:00,-87.69205,41.907356,"vehicle parking","open space","170312411002009",NA,NA
"239",3193527,"Chicago","09A","murder and nonnegligent manslaughter","homicide offenses","persons",2009-07-16 06:58:00,-87.727852,41.853456,"street","street","170312925002005",NA,NA
"240",3193938,"Chicago","09A","murder and nonnegligent manslaughter","homicide offenses","persons",2009-07-16 15:14:00,-87.672343,41.901772,"street","street","170312422001010",NA,NA
"241",3194528,"Chicago","09A","murder and nonnegligent manslaughter","homicide offenses","persons",2009-07-17 00:30:00,-87.773987,41.909878,"street","street","170312504003007",NA,NA
"242",3195903,"Chicago","09A","murder and nonnegligent manslaughter","homicide offenses","persons",2009-07-18 04:45:00,-87.661385,41.795898,"street","street","170316119001020",NA,NA
"243",3197254,"Chicago","09A","murder and nonnegligent manslaughter","homicide offenses","persons",2009-07-19 12:50:00,-87.632515,41.686198,"street","street","170314913003006",NA,NA
"244",3199660,"Chicago","09A","murder and nonnegligent manslaughter","homicide offenses","persons",2009-07-21 17:00:00,-87.714461,41.871774,"other open space","open space","170312715001008",NA,NA
"245",3201464,"Chicago","09A","murder and nonnegligent manslaughter","homicide offenses","persons",2009-07-23 04:24:00,-87.685386,41.798632,"street","street","170316305001009",NA,NA
"246",3202474,"Chicago","09A","murder and nonnegligent manslaughter","homicide offenses","persons",2009-07-24 00:30:00,-87.718163,41.965424,"private vehicle","vehicle","170311407023004",NA,NA
"247",3203500,"Chicago","09A","murder and nonnegligent manslaughter","homicide offenses","persons",2009-07-24 22:00:00,-87.755354,41.888266,"private vehicle","vehicle","170312516003012",NA,NA
"248",3204419,"Chicago","09A","murder and nonnegligent manslaughter","homicide offenses","persons",2009-07-25 19:20:00,-87.661827,41.857867,"private vehicle","vehicle","170313106002008",NA,NA
"249",3204824,"Chicago","09A","murder and nonnegligent manslaughter","homicide offenses","persons",2009-07-26 01:20:00,-87.665847,41.749683,"street","street","170317105001003",NA,NA
"250",3204964,"Chicago","09A","murder and nonnegligent manslaughter","homicide offenses","persons",2009-07-26 05:01:00,-87.745786,41.894331,"street","street","170312517001004",NA,NA
"251",3205976,"Chicago","09A","murder and nonnegligent manslaughter","homicide offenses","persons",2009-07-27 02:40:00,-87.651179,41.71633,"street","street","170317304003011",NA,NA
"252",3205999,"Chicago","09A","murder and nonnegligent manslaughter","homicide offenses","persons",2009-07-27 03:30:00,-87.718562,41.867164,"street","street","170318430001018",NA,NA
"253",3206601,"Chicago","09A","murder and nonnegligent manslaughter","homicide offenses","persons",2009-07-27 18:03:00,-87.529243,41.701916,"residence","residence","170315204002007",NA,NA
"254",3207046,"Chicago","09A","murder and nonnegligent manslaughter","homicide offenses","persons",2009-07-28 00:45:00,-87.603789,41.744909,"residence","residence","170314401024003",NA,NA
"255",3207500,"Chicago","09A","murder and nonnegligent manslaughter","homicide offenses","persons",2009-07-28 14:10:00,-87.708165,41.78493,"street","street","170316604001006",NA,NA
"256",3209030,"Chicago","09A","murder and nonnegligent manslaughter","homicide offenses","persons",2009-07-29 20:10:00,-87.740313,41.944405,"street","street","170311612001015",NA,NA
"257",3209423,"Chicago","09A","murder and nonnegligent manslaughter","homicide offenses","persons",2009-07-30 04:39:00,-87.643073,41.89988,"street","street","170318422001062",NA,NA
"258",3210029,"Chicago","09A","murder and nonnegligent manslaughter","homicide offenses","persons",2009-07-30 18:07:00,-87.729509,41.920789,"street","street","170312004022004",NA,NA
"259",3210855,"Chicago","09A","murder and nonnegligent manslaughter","homicide offenses","persons",2009-07-31 13:20:00,-87.608168,41.729297,"residence","residence","170314409001018",NA,NA
"260",3211082,"Chicago","09A","murder and nonnegligent manslaughter","homicide offenses","persons",2009-07-31 17:15:00,-87.665045,41.750334,"street","street","170317104002012",NA,NA
"261",3211819,"Chicago","09A","murder and nonnegligent manslaughter","homicide offenses","persons",2009-08-01 04:35:00,-87.62347,41.771932,"street","street","170316904004003",NA,NA
"262",3212989,"Chicago","09A","murder and nonnegligent manslaughter","homicide offenses","persons",2009-08-02 03:00:00,-87.647844,41.783343,"street","street","170318348001006",NA,NA
"263",3213038,"Chicago","09A","murder and nonnegligent manslaughter","homicide offenses","persons",2009-08-02 04:10:00,-87.687187,41.909041,"private vehicle","vehicle","170312411001004",NA,NA
"264",3213041,"Chicago","09A","murder and nonnegligent manslaughter","homicide offenses","persons",2009-08-02 04:13:00,-87.696993,41.907515,"street","street","170312409001010",NA,NA
"265",3214005,"Chicago","09A","murder and nonnegligent manslaughter","homicide offenses","persons",2009-08-03 02:00:00,-87.685145,41.78974,"private vehicle","vehicle","170318351001024",NA,NA
"266",3214210,"Chicago","09A","murder and nonnegligent manslaughter","homicide offenses","persons",2009-08-03 10:10:00,-87.534078,41.71866,"street","street","170315201001016",NA,NA
"267",3214508,"Chicago","09A","murder and nonnegligent manslaughter","homicide offenses","persons",2009-08-03 15:30:00,-87.715644,41.899113,"street","street","170312311001011",NA,NA
"268",3215713,"Chicago","09A","murder and nonnegligent manslaughter","homicide offenses","persons",2009-08-04 18:38:00,-87.719943,41.894405,"residence","residence","170312315004013",NA,NA
"269",3216199,"Chicago","09A","murder and nonnegligent manslaughter","homicide offenses","persons",2009-08-05 03:00:00,-87.713976,41.858503,"street","street","170312922002000",NA,NA
"270",3216204,"Chicago","09A","murder and nonnegligent manslaughter","homicide offenses","persons",2009-08-05 03:05:00,-87.638519,41.67057,"street","street","170315305032005",NA,NA
"271",3216387,"Chicago","09A","murder and nonnegligent manslaughter","homicide offenses","persons",2009-08-05 10:00:00,-87.794653,41.942557,"street","street","170311710004012",NA,NA
"272",3217149,"Chicago","09A","murder and nonnegligent manslaughter","homicide offenses","persons",2009-08-05 22:40:00,-87.702965,41.828108,"street","street","170315802001019",NA,NA
"273",3217674,"Chicago","09A","murder and nonnegligent manslaughter","homicide offenses","persons",2009-08-06 12:50:00,-87.748123,41.878561,"street","street","170312522024005",NA,NA
"274",3218452,"Chicago","09A","murder and nonnegligent manslaughter","homicide offenses","persons",2009-08-07 01:25:00,-87.644659,41.756095,"street","street","170317102001003",NA,NA
"275",3219417,"Chicago","09A","murder and nonnegligent manslaughter","homicide offenses","persons",2009-08-07 23:02:00,-87.684453,41.764205,"street","street","170316610004011",NA,NA
"276",3220359,"Chicago","09A","murder and nonnegligent manslaughter","homicide offenses","persons",2009-08-08 20:15:00,-87.611451,41.711861,"residence","residence","170314908002000",NA,NA
"277",3220360,"Chicago","09A","murder and nonnegligent manslaughter","homicide offenses","persons",2009-08-08 20:15:00,-87.611451,41.711861,"residence","residence","170314908002000",NA,NA
"278",3220508,"Chicago","09A","murder and nonnegligent manslaughter","homicide offenses","persons",2009-08-08 22:17:00,-87.584418,41.768965,"street","street","170314302003001",NA,NA
"279",3220937,"Chicago","09A","murder and nonnegligent manslaughter","homicide offenses","persons",2009-08-09 05:00:00,-87.665169,41.769844,"residence","residence","170316715003001",NA,NA
"280",3222698,"Chicago","09A","murder and nonnegligent manslaughter","homicide offenses","persons",2009-08-10 20:27:00,-87.56199,41.700505,"street","street","170318388001009",NA,NA
"281",3224058,"Chicago","09A","murder and nonnegligent manslaughter","homicide offenses","persons",2009-08-11 22:42:00,-87.667532,41.767514,"street","street","170316715003004",NA,NA
"282",3224227,"Chicago","09A","murder and nonnegligent manslaughter","homicide offenses","persons",2009-08-12 02:05:00,-87.708329,41.909178,"street","street","170312309001003",NA,NA
"283",3224252,"Chicago","09A","murder and nonnegligent manslaughter","homicide offenses","persons",2009-08-12 03:00:00,-87.656421,41.783221,"residence","residence","170316709001009",NA,NA
"284",3225513,"Chicago","09A","murder and nonnegligent manslaughter","homicide offenses","persons",2009-08-13 04:20:00,-87.579795,41.766204,"private vehicle","vehicle","170314302002003",NA,NA
"285",3225531,"Chicago","09A","murder and nonnegligent manslaughter","homicide offenses","persons",2009-08-13 05:35:00,-87.582439,41.765807,"street","street","170314305003002",NA,NA
"286",3227258,"Chicago","09A","murder and nonnegligent manslaughter","homicide offenses","persons",2009-08-14 16:53:00,-87.638335,41.720644,"street","street","170317305004026",NA,NA
"287",3227869,"Chicago","09A","murder and nonnegligent manslaughter","homicide offenses","persons",2009-08-15 01:46:00,-87.624489,41.699272,"other open space","open space","170314910002022",NA,NA
"288",3228642,"Chicago","09A","murder and nonnegligent manslaughter","homicide offenses","persons",2009-08-15 19:06:00,-87.622449,41.794004,"street","street","170314005001005",NA,NA
"289",3229341,"Chicago","09A","murder and nonnegligent manslaughter","homicide offenses","persons",2009-08-16 10:00:00,-87.750626,41.812333,"green space","open space","170315602001003",NA,NA
"290",3230627,"Chicago","09A","murder and nonnegligent manslaughter","homicide offenses","persons",2009-08-17 15:30:00,-87.613909,41.655006,"residence","residence","170315401011014",NA,NA
"291",3230825,"Chicago","09A","murder and nonnegligent manslaughter","homicide offenses","persons",2009-08-17 18:45:00,-87.535282,41.717266,"private vehicle","vehicle","170315201001024",NA,NA
"292",3231259,"Chicago","09A","murder and nonnegligent manslaughter","homicide offenses","persons",2009-08-18 01:00:00,-87.756266,41.888934,"residence","residence","170312515002012",NA,NA
"293",3232536,"Chicago","09A","murder and nonnegligent manslaughter","homicide offenses","persons",2009-08-19 01:41:00,-87.670379,41.852255,"street","street","170318432002072",NA,NA
"294",3233233,"Chicago","09A","murder and nonnegligent manslaughter","homicide offenses","persons",2009-08-19 17:45:00,-87.619774,41.815969,"residence","residence","170318358001004",NA,NA
"295",3233303,"Chicago","09A","murder and nonnegligent manslaughter","homicide offenses","persons",2009-08-19 19:03:00,-87.73019,41.916273,"street","street","170318312003009",NA,NA
"296",3235664,"Chicago","09A","murder and nonnegligent manslaughter","homicide offenses","persons",2009-08-21 19:15:00,-87.672145,41.804144,"street","street","170316114002000",NA,NA
"297",3236986,"Chicago","09A","murder and nonnegligent manslaughter","homicide offenses","persons",2009-08-23 00:35:00,-87.72505,41.901594,"street","street","170312312005007",NA,NA
"298",3237149,"Chicago","09A","murder and nonnegligent manslaughter","homicide offenses","persons",2009-08-23 03:46:00,-87.645417,41.756923,"private vehicle","vehicle","170317102001008",NA,NA
"299",3238124,"Chicago","09A","murder and nonnegligent manslaughter","homicide offenses","persons",2009-08-24 04:16:00,-87.709674,41.879607,"street","street","170312713001000",NA,NA
"300",3239711,"Chicago","09A","murder and nonnegligent manslaughter","homicide offenses","persons",2009-08-25 15:57:00,-87.648369,41.777424,"street","street","170316810004012",NA,NA
"301",3240239,"Chicago","09A","murder and nonnegligent manslaughter","homicide offenses","persons",2009-08-26 00:33:00,-87.560762,41.737262,"street","street","170314608004007",NA,NA
"302",3240596,"Chicago","09A","murder and nonnegligent manslaughter","homicide offenses","persons",2009-08-26 11:12:00,-87.559719,41.736616,"residence","residence","170314608004006",NA,NA
"303",3241245,"Chicago","09A","murder and nonnegligent manslaughter","homicide offenses","persons",2009-08-26 22:08:00,-87.650417,41.762705,"residence","residence","170316814004005",NA,NA
"304",3241899,"Chicago","09A","murder and nonnegligent manslaughter","homicide offenses","persons",2009-08-27 15:36:00,-87.583503,41.759425,"street","street","170314309002013",NA,NA
"305",3244850,"Chicago","09A","murder and nonnegligent manslaughter","homicide offenses","persons",2009-08-30 07:38:00,-87.731829,41.843485,"street","street","170313018012015",NA,NA
"306",3245192,"Chicago","09A","murder and nonnegligent manslaughter","homicide offenses","persons",2009-08-30 16:29:00,-87.573492,41.766102,"private vehicle","vehicle","170314306001007",NA,NA
"307",3245240,"Chicago","09A","murder and nonnegligent manslaughter","homicide offenses","persons",2009-08-30 17:21:00,-87.573492,41.766102,"street","street","170314306001007",NA,NA
"308",3246515,"Chicago","09A","murder and nonnegligent manslaughter","homicide offenses","persons",2009-08-31 22:29:00,-87.580892,41.752613,"street","street","170318342003010",NA,NA
"309",3246685,"Chicago","09A","murder and nonnegligent manslaughter","homicide offenses","persons",2009-09-01 00:42:00,-87.719882,41.892319,"street","street","170312315004023",NA,NA
"310",3250244,"Chicago","09A","murder and nonnegligent manslaughter","homicide offenses","persons",2009-09-04 09:40:00,-87.667194,41.754831,"residence","residence","170317104004005",NA,NA
"311",3251523,"Chicago","09A","murder and nonnegligent manslaughter","homicide offenses","persons",2009-09-05 11:40:00,-87.605788,41.773968,"street","street","170314208002007",NA,NA
"312",3252273,"Chicago","09A","murder and nonnegligent manslaughter","homicide offenses","persons",2009-09-06 01:45:00,-87.554651,41.722723,"gas station","retail","170314805002031",NA,NA
"313",3252908,"Chicago","09A","murder and nonnegligent manslaughter","homicide offenses","persons",2009-09-06 18:41:00,-87.586202,41.761235,"street","street","170314304003011",NA,NA
"314",3253362,"Chicago","09A","murder and nonnegligent manslaughter","homicide offenses","persons",2009-09-07 02:02:00,-87.708565,41.840005,"residence","residence","170318408002004",NA,NA
"315",3254384,"Chicago","09A","murder and nonnegligent manslaughter","homicide offenses","persons",2009-09-08 04:10:00,-87.619577,41.765621,"street","street","170316910001003",NA,NA
"316",3255746,"Chicago","09A","murder and nonnegligent manslaughter","homicide offenses","persons",2009-09-09 12:00:00,-87.619061,41.788302,"residence","residence","170314004001013",NA,NA
"317",3256175,"Chicago","09A","murder and nonnegligent manslaughter","homicide offenses","persons",2009-09-09 19:31:00,-87.674965,41.773386,"residence","residence","170316714002001",NA,NA
"318",3256916,"Chicago","09A","murder and nonnegligent manslaughter","homicide offenses","persons",2009-09-10 13:11:00,-87.652004,41.731522,"street","street","170317302022001",NA,NA
"319",3257504,"Chicago","09A","murder and nonnegligent manslaughter","homicide offenses","persons",2009-09-10 22:03:00,-87.66584,41.749329,"street","street","170317105002000",NA,NA
"320",3258442,"Chicago","09A","murder and nonnegligent manslaughter","homicide offenses","persons",2009-09-11 17:45:00,-87.645453,41.856738,"street","street","170313102002012",NA,NA
"321",3258833,"Chicago","09A","murder and nonnegligent manslaughter","homicide offenses","persons",2009-09-11 23:10:00,-87.696167,41.876457,"private vehicle","vehicle","170318374001019",NA,NA
"322",3258946,"Chicago","09A","murder and nonnegligent manslaughter","homicide offenses","persons",2009-09-12 00:48:00,-87.723591,41.838735,"street","street","170313017022007",NA,NA
"323",3260023,"Chicago","09A","murder and nonnegligent manslaughter","homicide offenses","persons",2009-09-13 00:01:00,-87.668235,41.927712,"residence","residence","170310707001015",NA,NA
"324",3260915,"Chicago","09A","murder and nonnegligent manslaughter","homicide offenses","persons",2009-09-13 21:34:00,-87.619504,41.693783,"street","street","170314909012017",NA,NA
"325",3261076,"Chicago","09A","murder and nonnegligent manslaughter","homicide offenses","persons",2009-09-14 00:40:00,-87.634762,41.680833,"residence","residence","170315302005032",NA,NA
"326",3263035,"Chicago","09A","murder and nonnegligent manslaughter","homicide offenses","persons",2009-09-15 20:24:00,-87.754426,41.881664,"street","street","170312518001005",NA,NA
"327",3265869,"Chicago","09A","murder and nonnegligent manslaughter","homicide offenses","persons",2009-09-18 11:45:00,-87.559625,41.704131,"private vehicle","vehicle","170318388002032",NA,NA
"328",3266139,"Chicago","09A","murder and nonnegligent manslaughter","homicide offenses","persons",2009-09-18 15:50:00,-87.612662,41.808987,"street","street","170313812002022",NA,NA
"329",3267461,"Chicago","09A","murder and nonnegligent manslaughter","homicide offenses","persons",2009-09-19 18:53:00,-87.658568,41.978165,"street","street","170310307031003",NA,NA
"330",3267547,"Chicago","09A","murder and nonnegligent manslaughter","homicide offenses","persons",2009-09-19 20:00:00,-87.645136,41.746487,"private vehicle","vehicle","170317108002004",NA,NA
"331",3267588,"Chicago","09A","murder and nonnegligent manslaughter","homicide offenses","persons",2009-09-19 20:55:00,-87.730803,41.803347,"street","street","170315703004024",NA,NA
"332",3268906,"Chicago","09A","murder and nonnegligent manslaughter","homicide offenses","persons",2009-09-21 01:00:00,-87.717397,41.962901,"residence","residence","170311407023006",NA,NA
"333",3268907,"Chicago","09A","murder and nonnegligent manslaughter","homicide offenses","persons",2009-09-21 01:00:00,-87.717397,41.962901,"residence","residence","170311407023006",NA,NA
"334",3270871,"Chicago","09A","murder and nonnegligent manslaughter","homicide offenses","persons",2009-09-22 21:10:00,-87.731225,41.85076,"residence","residence","170318434001029",NA,NA
"335",3270872,"Chicago","09A","murder and nonnegligent manslaughter","homicide offenses","persons",2009-09-22 21:10:00,-87.731225,41.85076,"residence","residence","170318434001029",NA,NA
"336",3271340,"Chicago","09A","murder and nonnegligent manslaughter","homicide offenses","persons",2009-09-23 09:51:00,-87.550552,41.751941,"street","street","170314601001007",NA,NA
"337",3272213,"Chicago","09A","murder and nonnegligent manslaughter","homicide offenses","persons",2009-09-24,-87.717633,41.749637,"bar/club","leisure","170317002003018",NA,NA
"338",3273023,"Chicago","09A","murder and nonnegligent manslaughter","homicide offenses","persons",2009-09-24 18:17:00,-87.631784,41.692481,"street","street","170314913004001",NA,NA
"339",3273192,"Chicago","09A","murder and nonnegligent manslaughter","homicide offenses","persons",2009-09-24 20:50:00,-87.695321,41.84744,"street","street","170313011001006",NA,NA
"340",3274458,"Chicago","09A","murder and nonnegligent manslaughter","homicide offenses","persons",2009-09-25 21:49:00,-87.718656,41.870825,"other open space","open space","170312705001034",NA,NA
"341",3274459,"Chicago","09A","murder and nonnegligent manslaughter","homicide offenses","persons",2009-09-25 21:49:00,-87.718656,41.870825,"other open space","open space","170312705001034",NA,NA
"342",3274490,"Chicago","09A","murder and nonnegligent manslaughter","homicide offenses","persons",2009-09-25 22:10:00,-87.745754,41.89342,"street","street","170312517001009",NA,NA
"343",3274860,"Chicago","09A","murder and nonnegligent manslaughter","homicide offenses","persons",2009-09-26 06:05:00,-87.726275,41.870012,"street","street","170312610002025",NA,NA
"344",3275263,"Chicago","09A","murder and nonnegligent manslaughter","homicide offenses","persons",2009-09-26 16:28:00,-87.696857,41.814646,"street","street","170315805023009",NA,NA
"345",3275474,"Chicago","09A","murder and nonnegligent manslaughter","homicide offenses","persons",2009-09-26 20:36:00,-87.711799,41.824067,"street","street","170315803001019",NA,NA
"346",3275715,"Chicago","09A","murder and nonnegligent manslaughter","homicide offenses","persons",2009-09-27 00:28:00,-87.722856,41.846113,"street","street","170313005002009",NA,NA
"347",3276351,"Chicago","09A","murder and nonnegligent manslaughter","homicide offenses","persons",2009-09-27 16:42:00,-87.651364,41.799212,"street","street","170316120001011",NA,NA
"348",3276590,"Chicago","09A","murder and nonnegligent manslaughter","homicide offenses","persons",2009-09-27 21:14:00,-87.622217,41.785092,"residence","residence","170314008002001",NA,NA
"349",3277602,"Chicago","09A","murder and nonnegligent manslaughter","homicide offenses","persons",2009-09-28 19:27:00,-87.748942,41.888659,"residence","residence","170312516002013",NA,NA
"350",3277665,"Chicago","09A","murder and nonnegligent manslaughter","homicide offenses","persons",2009-09-28 20:34:00,-87.72438,41.866185,"gas station","retail","170318430002035",NA,NA
"351",3282029,"Chicago","09A","murder and nonnegligent manslaughter","homicide offenses","persons",2009-10-03 00:53:00,-87.675417,41.838107,"private vehicle","vehicle","170318432002047",NA,NA
"352",3282113,"Chicago","09A","murder and nonnegligent manslaughter","homicide offenses","persons",2009-10-03 02:55:00,-87.730564,41.880416,"street","street","170312607001001",NA,NA
"353",3282281,"Chicago","09A","murder and nonnegligent manslaughter","homicide offenses","persons",2009-10-03 10:00:00,-87.73373,41.876075,"street","street","170312606002008",NA,NA
"354",3283029,"Chicago","09A","murder and nonnegligent manslaughter","homicide offenses","persons",2009-10-04 01:42:00,-87.659788,41.866101,"street","street","170318429001001",NA,NA
"355",3283168,"Chicago","09A","murder and nonnegligent manslaughter","homicide offenses","persons",2009-10-04 06:00:00,-87.704794,41.836161,"abandoned","other","170318305003000",NA,NA
"356",3283645,"Chicago","09A","murder and nonnegligent manslaughter","homicide offenses","persons",2009-10-04 19:26:00,-87.687438,41.960354,"street","street","170310502001005",NA,NA
"357",3284222,"Chicago","09A","murder and nonnegligent manslaughter","homicide offenses","persons",2009-10-05 11:00:00,-87.591985,41.72589,"street","street","170314701002017",NA,NA
"358",3284450,"Chicago","09A","murder and nonnegligent manslaughter","homicide offenses","persons",2009-10-05 15:21:00,-87.607569,41.723588,"street","street","170314902003015",NA,NA
"359",3286893,"Chicago","09A","murder and nonnegligent manslaughter","homicide offenses","persons",2009-10-07 20:53:00,-87.709845,41.880928,"street","street","170318369002004",NA,NA
"360",3286950,"Chicago","09A","murder and nonnegligent manslaughter","homicide offenses","persons",2009-10-07 21:30:00,-87.692692,41.992247,"private vehicle","vehicle","170310208021004",NA,NA
"361",3287858,"Chicago","09A","murder and nonnegligent manslaughter","homicide offenses","persons",2009-10-08 19:35:00,-87.750284,41.883561,"street","street","170312518005011",NA,NA
"362",3288816,"Chicago","09A","murder and nonnegligent manslaughter","homicide offenses","persons",2009-10-09 20:38:00,-87.724829,41.894321,"street","street","170312315004006",NA,NA
"363",3289143,"Chicago","09A","murder and nonnegligent manslaughter","homicide offenses","persons",2009-10-10 07:51:00,-87.594903,41.727048,"residence","residence","170314701001028",NA,NA
"364",3289860,"Chicago","09A","murder and nonnegligent manslaughter","homicide offenses","persons",2009-10-11 06:04:00,-87.69448,41.907537,"street","street","170312410002005",NA,NA
"365",3293793,"Chicago","09A","murder and nonnegligent manslaughter","homicide offenses","persons",2009-10-15 02:01:00,-87.690164,41.918512,"bar/club","leisure","170312214003007",NA,NA
"366",3293829,"Chicago","09A","murder and nonnegligent manslaughter","homicide offenses","persons",2009-10-15 04:47:00,-87.557706,41.749481,"street","street","170314603022006",NA,NA
"367",3296056,"Chicago","09A","murder and nonnegligent manslaughter","homicide offenses","persons",2009-10-17 04:05:00,-87.664519,41.791454,"street","street","170316703001000",NA,NA
"368",3298966,"Chicago","09A","murder and nonnegligent manslaughter","homicide offenses","persons",2009-10-19 23:48:00,-87.548005,41.749539,"other open space","open space","170314601002002",NA,NA
"369",3301875,"Chicago","09A","murder and nonnegligent manslaughter","homicide offenses","persons",2009-10-22 14:41:00,-87.653768,41.808752,"street","street","170318426002041",NA,NA
"370",3303218,"Chicago","09A","murder and nonnegligent manslaughter","homicide offenses","persons",2009-10-23 20:40:00,-87.660982,41.735821,"street","street","170317114001003",NA,NA
"371",3304376,"Chicago","09A","murder and nonnegligent manslaughter","homicide offenses","persons",2009-10-24 21:15:00,-87.645129,41.702537,"street","street","170317307001015",NA,NA
"372",3304660,"Chicago","09A","murder and nonnegligent manslaughter","homicide offenses","persons",2009-10-25 01:35:00,-87.608894,41.805127,"street","street","170318436002021",NA,NA
"373",3304698,"Chicago","09A","murder and nonnegligent manslaughter","homicide offenses","persons",2009-10-25 02:35:00,-87.688507,41.778436,"street","street","170316606002004",NA,NA
"374",3304800,"Chicago","09A","murder and nonnegligent manslaughter","homicide offenses","persons",2009-10-25 06:40:00,-87.611323,41.803775,"street","street","170313819001004",NA,NA
"375",3305481,"Chicago","09A","murder and nonnegligent manslaughter","homicide offenses","persons",2009-10-25 22:27:00,-87.723725,41.867098,"private vehicle","vehicle","170318430002031",NA,NA
"376",3305500,"Chicago","09A","murder and nonnegligent manslaughter","homicide offenses","persons",2009-10-25 22:49:00,-87.773096,41.897473,"private vehicle","vehicle","170312513005012",NA,NA
"377",3305804,"Chicago","09A","murder and nonnegligent manslaughter","homicide offenses","persons",2009-10-26 09:20:00,-87.673712,41.77185,"street","street","170316714002004",NA,NA
"378",3306589,"Chicago","09A","murder and nonnegligent manslaughter","homicide offenses","persons",2009-10-26 23:44:00,-87.732804,41.921619,"private vehicle","vehicle","170312004023009",NA,NA
"379",3306780,"Chicago","09A","murder and nonnegligent manslaughter","homicide offenses","persons",2009-10-27 06:43:00,-87.600672,41.711917,"residence","residence","170315001004011",NA,NA
"380",3307286,"Chicago","09A","murder and nonnegligent manslaughter","homicide offenses","persons",2009-10-27 16:26:00,-87.663942,41.769395,"street","street","170316715003000",NA,NA
"381",3307287,"Chicago","09A","murder and nonnegligent manslaughter","homicide offenses","persons",2009-10-27 16:26:00,-87.663942,41.769395,"street","street","170316715003000",NA,NA
"382",3307386,"Chicago","09A","murder and nonnegligent manslaughter","homicide offenses","persons",2009-10-27 18:20:00,-87.619824,41.817736,"residence","residence","170313806002007",NA,NA
"383",3307989,"Chicago","09A","murder and nonnegligent manslaughter","homicide offenses","persons",2009-10-28 10:39:00,-87.650364,41.760756,"street","street","170316814003009",NA,NA
"384",3309095,"Chicago","09A","murder and nonnegligent manslaughter","homicide offenses","persons",2009-10-29 11:11:00,-87.627029,41.850424,"residence","residence","170318410001029",NA,NA
"385",3310892,"Chicago","09A","murder and nonnegligent manslaughter","homicide offenses","persons",2009-10-30 22:32:00,-87.581813,41.741524,"residence","residence","170314503001033",NA,NA
"386",3311191,"Chicago","09A","murder and nonnegligent manslaughter","homicide offenses","persons",2009-10-31 04:07:00,-87.730102,41.85147,"street","street","170318434001005",NA,NA
"387",3311489,"Chicago","09A","murder and nonnegligent manslaughter","homicide offenses","persons",2009-10-31 13:20:00,-87.667318,41.790357,"street","street","170316703002014",NA,NA
"388",3312288,"Chicago","09A","murder and nonnegligent manslaughter","homicide offenses","persons",2009-11-01 01:05:00,-87.760195,41.902201,"residence","residence","170312507003014",NA,NA
"389",3312467,"Chicago","09A","murder and nonnegligent manslaughter","homicide offenses","persons",2009-11-01 04:00:00,-87.692185,41.913298,"residence","residence","170312406001011",NA,NA
"390",3312478,"Chicago","09A","murder and nonnegligent manslaughter","homicide offenses","persons",2009-11-01 04:27:00,-87.731965,41.90258,"street","street","170312306005011",NA,NA
"391",3312784,"Chicago","09A","murder and nonnegligent manslaughter","homicide offenses","persons",2009-11-01 13:34:00,-87.67667,41.882475,"private vehicle","vehicle","170318381002004",NA,NA
"392",3313230,"Chicago","09A","murder and nonnegligent manslaughter","homicide offenses","persons",2009-11-01 23:05:00,-87.747147,41.894991,"residence","residence","170312517001005",NA,NA
"393",3313241,"Chicago","09A","murder and nonnegligent manslaughter","homicide offenses","persons",2009-11-01 23:40:00,-87.651812,41.769779,"street","street","170316811004006",NA,NA
"394",3314550,"Chicago","09A","murder and nonnegligent manslaughter","homicide offenses","persons",2009-11-03 10:25:00,-87.609651,41.751206,"vehicle parking","open space","170314402012000",NA,NA
"395",3315874,"Chicago","09A","murder and nonnegligent manslaughter","homicide offenses","persons",2009-11-04 15:05:00,-87.72181,41.878918,"street","street","170312608001008",NA,NA
"396",3316114,"Chicago","09A","murder and nonnegligent manslaughter","homicide offenses","persons",2009-11-04 19:14:00,-87.716739,41.899105,"street","street","170312312001005",NA,NA
"397",3316329,"Chicago","09A","murder and nonnegligent manslaughter","homicide offenses","persons",2009-11-04 23:25:00,-87.760604,41.884294,"street","street","170312519003006",NA,NA
"398",3317560,"Chicago","09A","murder and nonnegligent manslaughter","homicide offenses","persons",2009-11-06 04:25:00,-87.726037,41.941608,"residence","residence","170318311003019",NA,NA
"399",3319648,"Chicago","09A","murder and nonnegligent manslaughter","homicide offenses","persons",2009-11-08 00:39:00,-87.711234,41.854761,"residence","residence","170318447001004",NA,NA
"400",3319736,"Chicago","09A","murder and nonnegligent manslaughter","homicide offenses","persons",2009-11-08 02:00:00,-87.607992,41.830821,"street","street","170318365001005",NA,NA
"401",3319836,"Chicago","09A","murder and nonnegligent manslaughter","homicide offenses","persons",2009-11-08 04:38:00,-87.667454,41.921588,"street","street","170318325001010",NA,NA
"402",3320542,"Chicago","09A","murder and nonnegligent manslaughter","homicide offenses","persons",2009-11-08 21:30:00,-87.608517,41.816785,"private vehicle","vehicle","170313801001026",NA,NA
"403",3320638,"Chicago","09A","murder and nonnegligent manslaughter","homicide offenses","persons",2009-11-08 23:29:00,-87.709141,41.860044,"private vehicle","vehicle","170318415002016",NA,NA
"404",3321353,"Chicago","09A","murder and nonnegligent manslaughter","homicide offenses","persons",2009-11-09 16:02:00,-87.695499,41.853506,"residence","residence","170318407003020",NA,NA
"405",3325159,"Chicago","09A","murder and nonnegligent manslaughter","homicide offenses","persons",2009-11-13 07:30:00,-87.552242,41.737367,"street","street","170314608002003",NA,NA
"406",3326082,"Chicago","09A","murder and nonnegligent manslaughter","homicide offenses","persons",2009-11-13 22:16:00,-87.677082,41.85765,"residence","residence","170313109003002",NA,NA
"407",3327450,"Chicago","09A","murder and nonnegligent manslaughter","homicide offenses","persons",2009-11-15 01:58:00,-87.636732,41.74322,"street","street","170317109002002",NA,NA
"408",3327501,"Chicago","09A","murder and nonnegligent manslaughter","homicide offenses","persons",2009-11-15 03:00:00,-87.638671,41.789001,"street","street","170318346002034",NA,NA
"409",3328627,"Chicago","09A","murder and nonnegligent manslaughter","homicide offenses","persons",2009-11-16 10:29:00,-87.731707,41.89801,"street","street","170318421003003",NA,NA
"410",3328776,"Chicago","09A","murder and nonnegligent manslaughter","homicide offenses","persons",2009-11-16 13:30:00,-87.639018,41.781709,"residence","residence","170318346001063",NA,NA
"411",3329838,"Chicago","09A","murder and nonnegligent manslaughter","homicide offenses","persons",2009-11-17 15:43:00,-87.710683,41.893683,"private vehicle","vehicle","170318367001012",NA,NA
"412",3330166,"Chicago","09A","murder and nonnegligent manslaughter","homicide offenses","persons",2009-11-17 20:50:00,-87.686186,41.766471,"street","street","170316609002014",NA,NA
"413",3330869,"Chicago","09A","murder and nonnegligent manslaughter","homicide offenses","persons",2009-11-18 15:14:00,-87.552261,41.737367,"street","street","170314608002003",NA,NA
"414",3334209,"Chicago","09A","murder and nonnegligent manslaughter","homicide offenses","persons",2009-11-21 18:16:00,-87.664811,41.756672,"private vehicle","vehicle","170317104001002",NA,NA
"415",3337407,"Chicago","09A","murder and nonnegligent manslaughter","homicide offenses","persons",2009-11-24 22:25:00,-87.711401,41.862896,"street","street","170312912001008",NA,NA
"416",3338561,"Chicago","09A","murder and nonnegligent manslaughter","homicide offenses","persons",2009-11-26 00:10:00,-87.645506,41.787017,"gas station","retail","170318347001015",NA,NA
"417",3339211,"Chicago","09A","murder and nonnegligent manslaughter","homicide offenses","persons",2009-11-26 23:59:00,-87.712162,41.880905,"residence","residence","170312705001001",NA,NA
"418",3339467,"Chicago","09A","murder and nonnegligent manslaughter","homicide offenses","persons",2009-11-27 11:02:00,-87.694953,41.879269,"street","street","170318374001011",NA,NA
"419",3339674,"Chicago","09A","murder and nonnegligent manslaughter","homicide offenses","persons",2009-11-27 15:17:00,-87.764647,41.874393,"residence","residence","170312521011026",NA,NA
"420",3340173,"Chicago","09A","murder and nonnegligent manslaughter","homicide offenses","persons",2009-11-28 00:05:00,-87.714124,41.864096,"private vehicle","vehicle","170312912002003",NA,NA
"421",3340261,"Chicago","09A","murder and nonnegligent manslaughter","homicide offenses","persons",2009-11-28 02:30:00,-87.670008,41.74845,"street","street","170317105003001",NA,NA
"422",3340732,"Chicago","09A","murder and nonnegligent manslaughter","homicide offenses","persons",2009-11-28 16:45:00,-87.612423,41.814897,"residence","residence","170318360002005",NA,NA
"423",3342168,"Chicago","09A","murder and nonnegligent manslaughter","homicide offenses","persons",2009-11-30 07:35:00,-87.665418,41.77692,"street","street","170316712001011",NA,NA
"424",3342719,"Chicago","09A","murder and nonnegligent manslaughter","homicide offenses","persons",2009-11-30 18:15:00,-87.607011,41.772441,"residence","residence","170314212001001",NA,NA
"425",3344687,"Chicago","09A","murder and nonnegligent manslaughter","homicide offenses","persons",2009-12-02 14:56:00,-87.733785,41.906739,"street","street","170312306004007",NA,NA
"426",3345224,"Chicago","09A","murder and nonnegligent manslaughter","homicide offenses","persons",2009-12-03 03:50:00,-87.628696,41.759994,"street","street","170316911002009",NA,NA
"427",3345229,"Chicago","09A","murder and nonnegligent manslaughter","homicide offenses","persons",2009-12-03 04:32:00,-87.636175,41.780822,"residence","residence","170318346001066",NA,NA
"428",3346213,"Chicago","09A","murder and nonnegligent manslaughter","homicide offenses","persons",2009-12-04 06:43:00,-87.637517,41.758028,"street","street","170316912001007",NA,NA
"429",3347077,"Chicago","09A","murder and nonnegligent manslaughter","homicide offenses","persons",2009-12-05 00:01:00,-87.693859,41.851922,"street","street","170313012001002",NA,NA
"430",3347245,"Chicago","09A","murder and nonnegligent manslaughter","homicide offenses","persons",2009-12-05 05:01:00,-87.716888,41.902377,"private vehicle","vehicle","170312312001001",NA,NA
"431",3350409,"Chicago","09A","murder and nonnegligent manslaughter","homicide offenses","persons",2009-12-08 17:45:00,-87.733755,41.847908,"private vehicle","vehicle","170318434001033",NA,NA
"432",3350957,"Chicago","09A","murder and nonnegligent manslaughter","homicide offenses","persons",2009-12-09 10:25:00,-87.718395,41.973416,"green space","open space","170318318005013",NA,NA
"433",3351515,"Chicago","09A","murder and nonnegligent manslaughter","homicide offenses","persons",2009-12-09 21:50:00,-87.649517,41.687242,"other open space","open space","170317506002000",NA,NA
"434",3351516,"Chicago","09A","murder and nonnegligent manslaughter","homicide offenses","persons",2009-12-09 21:50:00,-87.649517,41.687242,"residence","residence","170317506002000",NA,NA
"435",3352232,"Chicago","09A","murder and nonnegligent manslaughter","homicide offenses","persons",2009-12-10 19:44:00,-87.663916,41.752169,"private vehicle","vehicle","170317104002000",NA,NA
"436",3352261,"Chicago","09A","murder and nonnegligent manslaughter","homicide offenses","persons",2009-12-10 20:20:00,-87.61148,41.743333,"private vehicle","vehicle","170314402021017",NA,NA
"437",3353162,"Chicago","09A","murder and nonnegligent manslaughter","homicide offenses","persons",2009-12-11 20:05:00,-87.562621,41.753066,"private vehicle","vehicle","170314313013004",NA,NA
"438",3353415,"Chicago","09A","murder and nonnegligent manslaughter","homicide offenses","persons",2009-12-12 01:15:00,-87.66588,41.797074,"residence","residence","170316118002000",NA,NA
"439",3353505,"Chicago","09A","murder and nonnegligent manslaughter","homicide offenses","persons",2009-12-12 04:12:00,-87.729105,41.885647,"street","street","170312602001009",NA,NA
"440",3354153,"Chicago","09A","murder and nonnegligent manslaughter","homicide offenses","persons",2009-12-12 21:00:00,-87.633771,41.800887,"other open space","open space","170318356002010",NA,NA
"441",3354422,"Chicago","09A","murder and nonnegligent manslaughter","homicide offenses","persons",2009-12-13 02:37:00,-87.552088,41.751921,"street","street","170314601001007",NA,NA
"442",3354478,"Chicago","09A","murder and nonnegligent manslaughter","homicide offenses","persons",2009-12-13 04:40:00,-87.702428,41.811787,"street","street","170315805021011",NA,NA
"443",3354679,"Chicago","09A","murder and nonnegligent manslaughter","homicide offenses","persons",2009-12-13 12:55:00,-87.73681,41.900674,"other open space","open space","170318421001015",NA,NA
"444",3356551,"Chicago","09A","murder and nonnegligent manslaughter","homicide offenses","persons",2009-12-15 12:20:00,-87.723646,41.931834,"street","street","170312105021018",NA,NA
"445",3357012,"Chicago","09A","murder and nonnegligent manslaughter","homicide offenses","persons",2009-12-15 21:22:00,-87.623884,41.786858,"street","street","170318345001025",NA,NA
"446",3357532,"Chicago","09A","murder and nonnegligent manslaughter","homicide offenses","persons",2009-12-16 14:02:00,-87.675489,41.793071,"abandoned","other","170316705001005",NA,NA
"447",3357687,"Chicago","09A","murder and nonnegligent manslaughter","homicide offenses","persons",2009-12-16 16:46:00,-87.701553,41.953959,"private vehicle","vehicle","170311606021002",NA,NA
"448",3360824,"Chicago","09A","murder and nonnegligent manslaughter","homicide offenses","persons",2009-12-19 20:02:00,-87.651808,41.724361,"residence","residence","170317302022016",NA,NA
"449",3361727,"Chicago","09A","murder and nonnegligent manslaughter","homicide offenses","persons",2009-12-20 19:47:00,-87.684603,41.769681,"street","street","170316609001016",NA,NA
"450",3362207,"Chicago","09A","murder and nonnegligent manslaughter","homicide offenses","persons",2009-12-21 11:35:00,-87.664968,42.0059,"residence","residence","170310105022004",NA,NA
"451",3363802,"Chicago","09A","murder and nonnegligent manslaughter","homicide offenses","persons",2009-12-23 04:55:00,-87.760635,41.911745,"street","street","170312503003002",NA,NA
"452",3364537,"Chicago","09A","murder and nonnegligent manslaughter","homicide offenses","persons",2009-12-23 23:10:00,-87.801552,41.923547,"residence","residence","170318316004012",NA,NA
"453",3365017,"Chicago","09A","murder and nonnegligent manslaughter","homicide offenses","persons",2009-12-24 16:48:00,-87.605624,41.809544,"vehicle parking","open space","170313904002002",NA,NA
"454",3366599,"Chicago","09A","murder and nonnegligent manslaughter","homicide offenses","persons",2009-12-26 22:42:00,-87.60793,41.81579,"street","street","170318360003000",NA,NA
"455",3367295,"Chicago","09A","murder and nonnegligent manslaughter","homicide offenses","persons",2009-12-27 21:31:00,-87.606284,41.74532,"private vehicle","vehicle","170314402013007",NA,NA
"456",3369070,"Chicago","09A","murder and nonnegligent manslaughter","homicide offenses","persons",2009-12-30 02:12:00,-87.617177,41.83008,"residence","residence","170318396001000",NA,NA
"457",3369114,"Chicago","09A","murder and nonnegligent manslaughter","homicide offenses","persons",2009-12-30 05:45:00,-87.652374,41.863461,"residence","residence","170312838002000",NA,NA
"458",3369299,"Chicago","09A","murder and nonnegligent manslaughter","homicide offenses","persons",2009-12-30 12:30:00,-87.721857,41.866218,"street","street","170318430002034",NA,NA
"459",3369713,"Chicago","09A","murder and nonnegligent manslaughter","homicide offenses","persons",2009-12-30 20:10:00,-87.631404,41.677928,"vehicle parking","open space","170315305011003",NA,NA
"460",3369888,"Chicago","09A","murder and nonnegligent manslaughter","homicide offenses","persons",2009-12-30 23:42:00,-87.715984,41.974759,"private vehicle","vehicle","170318318004007",NA,NA
"461",3372505,"Chicago","09A","murder and nonnegligent manslaughter","homicide offenses","persons",2010-01-02 16:17:00,-87.638781,41.693525,"residence","residence","170314911004022",NA,NA
"462",3372746,"Chicago","09A","murder and nonnegligent manslaughter","homicide offenses","persons",2010-01-02 21:44:00,-87.65962,41.789741,"private vehicle","vehicle","170316702001029",NA,NA
"463",3373250,"Chicago","09A","murder and nonnegligent manslaughter","homicide offenses","persons",2010-01-03 15:04:00,-87.671653,41.785941,"residence","residence","170316706001010",NA,NA
"464",3373632,"Chicago","09A","murder and nonnegligent manslaughter","homicide offenses","persons",2010-01-04 00:37:00,-87.608943,41.754226,"street","street","170316914002002",NA,NA
"465",3374169,"Chicago","09A","murder and nonnegligent manslaughter","homicide offenses","persons",2010-01-04 17:15:00,-87.697525,41.782696,"street","street","170316603024006",NA,NA
"466",3376318,"Chicago","09A","murder and nonnegligent manslaughter","homicide offenses","persons",2010-01-07 04:22:00,-87.73656,41.895176,"private vehicle","vehicle","170318421002018",NA,NA
"467",3378049,"Chicago","09A","murder and nonnegligent manslaughter","homicide offenses","persons",2010-01-09 00:01:00,-87.695667,41.858348,"residence","residence","170312916001003",NA,NA
"468",3378193,"Chicago","09A","murder and nonnegligent manslaughter","homicide offenses","persons",2010-01-09 06:13:00,-87.641831,41.898547,"green space","open space","170310819001002",NA,NA
"469",3380054,"Chicago","09A","murder and nonnegligent manslaughter","homicide offenses","persons",2010-01-11 13:20:00,-87.627761,41.677969,"abandoned","other","170315302002004",NA,NA
"470",3381225,"Chicago","09A","murder and nonnegligent manslaughter","homicide offenses","persons",2010-01-12 17:10:00,-87.618264,41.756054,"residence","residence","170316913001019",NA,NA
"471",3382334,"Chicago","09A","murder and nonnegligent manslaughter","homicide offenses","persons",2010-01-13 19:25:00,-87.544251,41.744,"other open space","open space","170314602001001",NA,NA
"472",3382973,"Chicago","09A","murder and nonnegligent manslaughter","homicide offenses","persons",2010-01-14 12:15:00,-87.660836,42.004155,"residence","residence","170310104003009",NA,NA
"473",3386765,"Chicago","09A","murder and nonnegligent manslaughter","homicide offenses","persons",2010-01-18 04:28:00,-87.660111,41.861553,"residence","residence","170318429001058",NA,NA
"474",3388421,"Chicago","09A","murder and nonnegligent manslaughter","homicide offenses","persons",2010-01-19 20:28:00,-87.615738,41.784782,"residence","residence","170314008001000",NA,NA
"475",3388473,"Chicago","09A","murder and nonnegligent manslaughter","homicide offenses","persons",2010-01-19 21:20:00,-87.708103,41.84265,"street","street","170318408001003",NA,NA
"476",3390420,"Chicago","09A","murder and nonnegligent manslaughter","homicide offenses","persons",2010-01-21 21:12:00,-87.735374,41.839897,"residence","residence","170313018011007",NA,NA
"477",3390606,"Chicago","09A","murder and nonnegligent manslaughter","homicide offenses","persons",2010-01-22 02:30:00,-87.713709,41.889931,"street","street","170312315005024",NA,NA
"478",3390686,"Chicago","09A","murder and nonnegligent manslaughter","homicide offenses","persons",2010-01-22 07:40:00,-87.633134,41.799767,"street","street","170318356002010",NA,NA
"479",3392387,"Chicago","09A","murder and nonnegligent manslaughter","homicide offenses","persons",2010-01-23 18:53:00,-87.721278,41.898067,"street","street","170312312003001",NA,NA
"480",3392801,"Chicago","09A","murder and nonnegligent manslaughter","homicide offenses","persons",2010-01-24 03:41:00,-87.76515,41.888518,"street","street","170312514004000",NA,NA
"481",3399049,"Chicago","09A","murder and nonnegligent manslaughter","homicide offenses","persons",2010-01-31 03:10:00,-87.574654,41.745248,"private vehicle","vehicle","170314605004006",NA,NA
"482",3399267,"Chicago","09A","murder and nonnegligent manslaughter","homicide offenses","persons",2010-01-31 12:00:00,-87.790181,41.787576,"residence","residence","170315610003012",NA,NA
"483",3400332,"Chicago","09A","murder and nonnegligent manslaughter","homicide offenses","persons",2010-02-01 13:42:00,-87.7275,41.901618,"other open space","open space","170318421004002",NA,NA
"484",3401187,"Chicago","09A","murder and nonnegligent manslaughter","homicide offenses","persons",2010-02-02 13:42:00,-87.666871,41.742085,"private vehicle","vehicle","170317112001007",NA,NA
"485",3401418,"Chicago","09A","murder and nonnegligent manslaughter","homicide offenses","persons",2010-02-02 18:28:00,-87.648562,41.738925,"private vehicle","vehicle","170317110002015",NA,NA
"486",3401419,"Chicago","09A","murder and nonnegligent manslaughter","homicide offenses","persons",2010-02-02 18:28:00,-87.648562,41.738925,"private vehicle","vehicle","170317110002015",NA,NA
"487",3403165,"Chicago","09A","murder and nonnegligent manslaughter","homicide offenses","persons",2010-02-04 16:46:00,-87.576295,41.765874,"finance","commercial","170314305001002",NA,NA
"488",3405241,"Chicago","09A","murder and nonnegligent manslaughter","homicide offenses","persons",2010-02-06 21:45:00,-87.751077,41.885692,"residence","residence","170312518002007",NA,NA
"489",3405522,"Chicago","09A","murder and nonnegligent manslaughter","homicide offenses","persons",2010-02-07 04:27:00,-87.644027,41.750076,"street","street","170317109001003",NA,NA
"490",3405705,"Chicago","09A","murder and nonnegligent manslaughter","homicide offenses","persons",2010-02-07 11:30:00,-87.708516,41.838262,"street","street","170318408002008",NA,NA
"491",3406012,"Chicago","09A","murder and nonnegligent manslaughter","homicide offenses","persons",2010-02-07 21:10:00,-87.6157,41.783303,"street","street","170314008001006",NA,NA
"492",3407815,"Chicago","09A","murder and nonnegligent manslaughter","homicide offenses","persons",2010-02-10 05:18:00,-87.614465,41.656338,"residence","residence","170315401021012",NA,NA
"493",3410434,"Chicago","09A","murder and nonnegligent manslaughter","homicide offenses","persons",2010-02-13 02:45:00,-87.763382,41.938616,"street","street","170311511003015",NA,NA
"494",3411321,"Chicago","09A","murder and nonnegligent manslaughter","homicide offenses","persons",2010-02-14 03:40:00,-87.668428,41.68881,"street","street","170317505003047",NA,NA
"495",3412667,"Chicago","09A","murder and nonnegligent manslaughter","homicide offenses","persons",2010-02-15 21:20:00,-87.733848,41.872456,"residence","residence","170312610001003",NA,NA
"496",3414566,"Chicago","09A","murder and nonnegligent manslaughter","homicide offenses","persons",2010-02-17 23:00:00,-87.602587,41.745275,"residence","residence","170314401024001",NA,NA
"497",3415578,"Chicago","09A","murder and nonnegligent manslaughter","homicide offenses","persons",2010-02-18 22:35:00,-87.655496,41.993559,"residence","residence","170310301023000",NA,NA
"498",3415759,"Chicago","09A","murder and nonnegligent manslaughter","homicide offenses","persons",2010-02-19 06:19:00,-87.777255,41.939351,"residence","residence","170311711002017",NA,NA
"499",3416971,"Chicago","09A","murder and nonnegligent manslaughter","homicide offenses","persons",2010-02-20 13:18:00,-87.633683,41.758092,"vehicle parking","open space","170316911003005",NA,NA
"500",3417709,"Chicago","09A","murder and nonnegligent manslaughter","homicide offenses","persons",2010-02-21 04:15:00,-87.734924,41.904344,"residence","residence","170312306005002",NA,NA
"501",3420386,"Chicago","09A","murder and nonnegligent manslaughter","homicide offenses","persons",2010-02-24 10:30:00,-87.683588,41.993337,"street","street","170310209012003",NA,NA
"502",3421353,"Chicago","09A","murder and nonnegligent manslaughter","homicide offenses","persons",2010-02-25 12:05:00,-87.729013,41.883325,"street","street","170312602001013",NA,NA
"503",3423969,"Chicago","09A","murder and nonnegligent manslaughter","homicide offenses","persons",2010-02-28 07:09:00,-87.608354,41.751231,"street","street","170316914002003",NA,NA
"504",3424518,"Chicago","09A","murder and nonnegligent manslaughter","homicide offenses","persons",2010-02-28 22:13:00,-87.720708,41.837789,"street","street","170313017021004",NA,NA
"505",3425262,"Chicago","09A","murder and nonnegligent manslaughter","homicide offenses","persons",2010-03-01 15:10:00,-87.700996,41.789191,"residence","residence","170316308003011",NA,NA
"506",3426047,"Chicago","09A","murder and nonnegligent manslaughter","homicide offenses","persons",2010-03-02 11:30:00,-87.57532,41.669182,"green space","open space","170318388002042",NA,NA
"507",3426774,"Chicago","09A","murder and nonnegligent manslaughter","homicide offenses","persons",2010-03-03 04:00:00,-87.591694,41.745197,"residence","residence","170318343001018",NA,NA
"508",3430819,"Chicago","09A","murder and nonnegligent manslaughter","homicide offenses","persons",2010-03-07 02:06:00,-87.623648,41.794343,"street","street","170314005001001",NA,NA
"509",3431130,"Chicago","09A","murder and nonnegligent manslaughter","homicide offenses","persons",2010-03-07 13:21:00,-87.631764,41.700681,"street","street","170314910003011",NA,NA
"510",3432238,"Chicago","09A","murder and nonnegligent manslaughter","homicide offenses","persons",2010-03-08 16:30:00,-87.617532,41.792258,"street","street","170314004001016",NA,NA
"511",3436560,"Chicago","09A","murder and nonnegligent manslaughter","homicide offenses","persons",2010-03-12 14:24:00,-87.713174,41.895491,"street","street","170318366001027",NA,NA
"512",3436634,"Chicago","09A","murder and nonnegligent manslaughter","homicide offenses","persons",2010-03-12 15:35:00,-87.703546,41.747429,"private vehicle","vehicle","170317004011011",NA,NA
"513",3439024,"Chicago","09A","murder and nonnegligent manslaughter","homicide offenses","persons",2010-03-15 00:02:00,-87.624231,41.69076,"street","street","170314913001008",NA,NA
"514",3441706,"Chicago","09A","murder and nonnegligent manslaughter","homicide offenses","persons",2010-03-17 14:38:00,-87.604102,41.731187,"street","street","170314408002002",NA,NA
"515",3443250,"Chicago","09A","murder and nonnegligent manslaughter","homicide offenses","persons",2010-03-18 21:20:00,-87.759907,41.894897,"other open space","open space","170312512003009",NA,NA
"516",3444397,"Chicago","09A","murder and nonnegligent manslaughter","homicide offenses","persons",2010-03-19 21:06:00,-87.767613,41.953173,"other retail","retail","170311506001000",NA,NA
"517",3444640,"Chicago","09A","murder and nonnegligent manslaughter","homicide offenses","persons",2010-03-20 01:40:00,-87.693243,41.816893,"street","street","170315806003004",NA,NA
"518",3445560,"Chicago","09A","murder and nonnegligent manslaughter","homicide offenses","persons",2010-03-21 03:00:00,-87.585797,41.74397,"private vehicle","vehicle","170318343003000",NA,NA
"519",3445606,"Chicago","09A","murder and nonnegligent manslaughter","homicide offenses","persons",2010-03-21 05:39:00,-87.601422,41.746892,"street","street","170314401012000",NA,NA
"520",3448524,"Chicago","09A","murder and nonnegligent manslaughter","homicide offenses","persons",2010-03-24 03:05:00,-87.651752,41.706838,"bar/club","leisure","170317306002043",NA,NA
"521",3449331,"Chicago","09A","murder and nonnegligent manslaughter","homicide offenses","persons",2010-03-24 19:46:00,-87.719512,41.889913,"street","street","170312315003019",NA,NA
"522",3450390,"Chicago","09A","murder and nonnegligent manslaughter","homicide offenses","persons",2010-03-25 19:02:00,-87.69955,41.82425,"private vehicle","vehicle","170315802002002",NA,NA
"523",3450393,"Chicago","09A","murder and nonnegligent manslaughter","homicide offenses","persons",2010-03-25 19:10:00,-87.658655,41.753074,"street","street","170317102005007",NA,NA
"524",3450532,"Chicago","09A","murder and nonnegligent manslaughter","homicide offenses","persons",2010-03-25 21:58:00,-87.706554,41.854681,"residence","residence","170318447003011",NA,NA
"525",3451344,"Chicago","09A","murder and nonnegligent manslaughter","homicide offenses","persons",2010-03-26 17:49:00,-87.712424,41.854661,"street","street","170318447001003",NA,NA
"526",3451752,"Chicago","09A","murder and nonnegligent manslaughter","homicide offenses","persons",2010-03-27 01:00:00,-87.726797,41.878857,"street","street","170312607001007",NA,NA
"527",3451864,"Chicago","09A","murder and nonnegligent manslaughter","homicide offenses","persons",2010-03-27 03:39:00,-87.759277,41.885761,"street","street","170312519001002",NA,NA
"528",3451901,"Chicago","09A","murder and nonnegligent manslaughter","homicide offenses","persons",2010-03-27 04:50:00,-87.620189,41.668569,"residence","residence","170315306002020",NA,NA
"529",3452587,"Chicago","09A","murder and nonnegligent manslaughter","homicide offenses","persons",2010-03-27 20:52:00,-87.765213,41.890129,"street","street","170312514002011",NA,NA
"530",3452989,"Chicago","09A","murder and nonnegligent manslaughter","homicide offenses","persons",2010-03-28 03:46:00,-87.698804,41.779036,"street","street","170316603011019",NA,NA
"531",3453161,"Chicago","09A","murder and nonnegligent manslaughter","homicide offenses","persons",2010-03-28 10:47:00,-87.606661,41.759928,"street","street","170316909002008",NA,NA
"532",3454349,"Chicago","09A","murder and nonnegligent manslaughter","homicide offenses","persons",2010-03-29 16:41:00,-87.721011,41.88907,"street","street","170312315003011",NA,NA
"533",3454678,"Chicago","09A","murder and nonnegligent manslaughter","homicide offenses","persons",2010-03-29 23:07:00,-87.832365,41.958106,"green space","open space","170311705002000",NA,NA
"534",3455115,"Chicago","09A","murder and nonnegligent manslaughter","homicide offenses","persons",2010-03-30 13:25:00,-87.620999,41.688375,"abandoned","other","170314914002010",NA,NA
"535",3456721,"Chicago","09A","murder and nonnegligent manslaughter","homicide offenses","persons",2010-03-31 22:15:00,-87.764137,41.887234,"vehicle parking","open space","170312515004021",NA,NA
"536",3456946,"Chicago","09A","murder and nonnegligent manslaughter","homicide offenses","persons",2010-04-01 01:30:00,-87.763437,41.891569,"street","street","170312515004004",NA,NA
"537",3458153,"Chicago","09A","murder and nonnegligent manslaughter","homicide offenses","persons",2010-04-02 01:04:00,-87.623105,41.824933,"street","street","170313514001019",NA,NA
"538",3458175,"Chicago","09A","murder and nonnegligent manslaughter","homicide offenses","persons",2010-04-02 01:38:00,-87.666626,41.777128,"street","street","170316712001013",NA,NA
"539",3458929,"Chicago","09A","murder and nonnegligent manslaughter","homicide offenses","persons",2010-04-02 19:35:00,-87.623384,41.768729,"street","street","170316904003004",NA,NA
"540",3459450,"Chicago","09A","murder and nonnegligent manslaughter","homicide offenses","persons",2010-04-03 08:00:00,-87.711375,41.862896,"residence","residence","170312912001008",NA,NA
"541",3459794,"Chicago","09A","murder and nonnegligent manslaughter","homicide offenses","persons",2010-04-03 16:40:00,-87.666321,41.767623,"private vehicle","vehicle","170316715003005",NA,NA
"542",3463132,"Chicago","09A","murder and nonnegligent manslaughter","homicide offenses","persons",2010-04-07 00:32:00,-87.72244,41.858186,"street","street","170312924002001",NA,NA
"543",3464679,"Chicago","09A","murder and nonnegligent manslaughter","homicide offenses","persons",2010-04-08 16:17:00,-87.66106,41.966048,"other open space","open space","170310317002001",NA,NA
"544",3467162,"Chicago","09A","murder and nonnegligent manslaughter","homicide offenses","persons",2010-04-10 21:53:00,-87.815582,41.945781,"residence","residence","170311704003025",NA,NA
"545",3467849,"Chicago","09A","murder and nonnegligent manslaughter","homicide offenses","persons",2010-04-11 15:17:00,-87.561087,41.755426,"street","street","170314313023003",NA,NA
"546",3468974,"Chicago","09A","murder and nonnegligent manslaughter","homicide offenses","persons",2010-04-12 18:30:00,-87.7225,41.898148,"street","street","170312312003003",NA,NA
"547",3469160,"Chicago","09A","murder and nonnegligent manslaughter","homicide offenses","persons",2010-04-12 21:30:00,-87.553778,41.751897,"street","street","170314601001024",NA,NA
"548",3469203,"Chicago","09A","murder and nonnegligent manslaughter","homicide offenses","persons",2010-04-12 22:10:00,-87.725681,41.88117,"private vehicle","vehicle","170312601001014",NA,NA
"549",3469402,"Chicago","09A","murder and nonnegligent manslaughter","homicide offenses","persons",2010-04-13 06:39:00,-87.700895,41.869834,"residence","residence","170318373001019",NA,NA
"550",3470407,"Chicago","09A","murder and nonnegligent manslaughter","homicide offenses","persons",2010-04-14 04:25:00,-87.694176,41.761793,"residence","residence","170316611001008",NA,NA
"551",3470408,"Chicago","09A","murder and nonnegligent manslaughter","homicide offenses","persons",2010-04-14 04:25:00,-87.694176,41.761793,"residence","residence","170316611001008",NA,NA
"552",3470409,"Chicago","09A","murder and nonnegligent manslaughter","homicide offenses","persons",2010-04-14 04:25:00,-87.694176,41.761793,"residence","residence","170316611001008",NA,NA
"553",3470410,"Chicago","09A","murder and nonnegligent manslaughter","homicide offenses","persons",2010-04-14 04:25:00,-87.694176,41.761793,"residence","residence","170316611001008",NA,NA
"554",3470899,"Chicago","09A","murder and nonnegligent manslaughter","homicide offenses","persons",2010-04-14 15:00:00,-87.625628,41.685917,"vehicle parking","open space","170314913002009",NA,NA
"555",3471594,"Chicago","09A","murder and nonnegligent manslaughter","homicide offenses","persons",2010-04-15 02:45:00,-87.676321,41.778432,"street","street","170316714001005",NA,NA
"556",3472233,"Chicago","09A","murder and nonnegligent manslaughter","homicide offenses","persons",2010-04-15 16:40:00,-87.668736,41.855017,"street","street","170313108003007",NA,NA
"557",3472309,"Chicago","09A","murder and nonnegligent manslaughter","homicide offenses","persons",2010-04-15 17:57:00,-87.603986,41.752128,"street","street","170316915003006",NA,NA
"558",3472641,"Chicago","09A","murder and nonnegligent manslaughter","homicide offenses","persons",2010-04-15 22:54:00,-87.624388,41.787383,"vehicle parking","open space","170314005002008",NA,NA
"559",3472660,"Chicago","09A","murder and nonnegligent manslaughter","homicide offenses","persons",2010-04-15 23:00:00,-87.649395,41.797782,"street","street","170316121001019",NA,NA
"560",3472670,"Chicago","09A","murder and nonnegligent manslaughter","homicide offenses","persons",2010-04-15 23:13:00,-87.610445,41.766382,"street","street","170316905001014",NA,NA
"561",3472675,"Chicago","09A","murder and nonnegligent manslaughter","homicide offenses","persons",2010-04-15 23:17:00,-87.656967,41.735127,"street","street","170317114001000",NA,NA
"562",3472841,"Chicago","09A","murder and nonnegligent manslaughter","homicide offenses","persons",2010-04-16 03:10:00,-87.657607,41.693991,"street","street","170317501003025",NA,NA
"563",3473449,"Chicago","09A","murder and nonnegligent manslaughter","homicide offenses","persons",2010-04-16 17:24:00,-87.670779,41.979806,"residence","residence","170310309003003",NA,NA
"564",3473961,"Chicago","09A","murder and nonnegligent manslaughter","homicide offenses","persons",2010-04-17 02:32:00,-87.60109,41.747672,"street","street","170314401011007",NA,NA
"565",3475630,"Chicago","09A","murder and nonnegligent manslaughter","homicide offenses","persons",2010-04-18 20:52:00,-87.726162,41.858266,"private vehicle","vehicle","170312925001004",NA,NA
"566",3475631,"Chicago","09A","murder and nonnegligent manslaughter","homicide offenses","persons",2010-04-18 20:52:00,-87.726162,41.858266,"private vehicle","vehicle","170312925001004",NA,NA
"567",3476359,"Chicago","09A","murder and nonnegligent manslaughter","homicide offenses","persons",2010-04-19 15:00:00,-87.703374,41.879109,"street","street","170312712001015",NA,NA
"568",3476837,"Chicago","09A","murder and nonnegligent manslaughter","homicide offenses","persons",2010-04-20 00:28:00,-87.614896,41.721878,"private vehicle","vehicle","170314905001002",NA,NA
"569",3477345,"Chicago","09A","murder and nonnegligent manslaughter","homicide offenses","persons",2010-04-20 14:25:00,-87.585877,41.747201,"street","street","170314503001017",NA,NA
"570",3478001,"Chicago","09A","murder and nonnegligent manslaughter","homicide offenses","persons",2010-04-21 02:15:00,-87.608224,41.726559,"residence","residence","170314409002012",NA,NA
"571",3478795,"Chicago","09A","murder and nonnegligent manslaughter","homicide offenses","persons",2010-04-21 21:05:00,-87.6831,41.82848,"private vehicle","vehicle","170315905001007",NA,NA
"572",3478796,"Chicago","09A","murder and nonnegligent manslaughter","homicide offenses","persons",2010-04-21 21:05:00,-87.6831,41.82848,"private vehicle","vehicle","170315905001007",NA,NA
"573",3478797,"Chicago","09A","murder and nonnegligent manslaughter","homicide offenses","persons",2010-04-21 21:05:00,-87.6831,41.82848,"private vehicle","vehicle","170315905001007",NA,NA
"574",3479249,"Chicago","09A","murder and nonnegligent manslaughter","homicide offenses","persons",2010-04-22 11:40:00,-87.608323,41.726559,"private vehicle","vehicle","170314409002007",NA,NA
"575",3480973,"Chicago","09A","murder and nonnegligent manslaughter","homicide offenses","persons",2010-04-23 21:30:00,-87.710415,41.992259,"hotel","hotel","170311301003000",NA,NA
"576",3481613,"Chicago","09A","murder and nonnegligent manslaughter","homicide offenses","persons",2010-04-24 14:13:00,-87.71988,41.892206,"street","street","170312315004023",NA,NA
"577",3482211,"Chicago","09A","murder and nonnegligent manslaughter","homicide offenses","persons",2010-04-25 00:54:00,-87.574763,41.743717,"street","street","170314503002000",NA,NA
"578",3483814,"Chicago","09A","murder and nonnegligent manslaughter","homicide offenses","persons",2010-04-26 18:09:00,-87.622313,41.809294,"street","street","170313814001010",NA,NA
"579",3486929,"Chicago","09A","murder and nonnegligent manslaughter","homicide offenses","persons",2010-04-29 19:27:00,-87.650234,41.671647,"street","street","170315304001014",NA,NA
"580",3487306,"Chicago","09A","murder and nonnegligent manslaughter","homicide offenses","persons",2010-04-30 01:19:00,-87.65966,41.864278,"street","street","170318429001060",NA,NA
"581",3488350,"Chicago","09A","murder and nonnegligent manslaughter","homicide offenses","persons",2010-04-30 23:00:00,-87.634042,41.695606,"street","street","170314911003011",NA,NA
"582",3488582,"Chicago","09A","murder and nonnegligent manslaughter","homicide offenses","persons",2010-05-01 02:36:00,-87.609233,41.782173,"street","street","170314205002003",NA,NA
"583",3489224,"Chicago","09A","murder and nonnegligent manslaughter","homicide offenses","persons",2010-05-01 17:45:00,-87.694176,41.761793,"residence","residence","170316611001008",NA,NA
"584",3489887,"Chicago","09A","murder and nonnegligent manslaughter","homicide offenses","persons",2010-05-02 09:02:00,-87.731307,41.884613,"street","street","170312603001012",NA,NA
"585",3489967,"Chicago","09A","murder and nonnegligent manslaughter","homicide offenses","persons",2010-05-02 11:43:00,-87.670249,41.893294,"residence","residence","170312432001010",NA,NA
"586",3489976,"Chicago","09A","murder and nonnegligent manslaughter","homicide offenses","persons",2010-05-02 11:48:00,-87.670249,41.893294,"residence","residence","170312432001010",NA,NA
"587",3495052,"Chicago","09A","murder and nonnegligent manslaughter","homicide offenses","persons",2010-05-06 22:21:00,-87.635958,41.766306,"street","street","170316812003017",NA,NA
"588",3495449,"Chicago","09A","murder and nonnegligent manslaughter","homicide offenses","persons",2010-05-07 11:01:00,-87.627851,41.88254,"other retail","retail","170318391001058",NA,NA
"589",3497366,"Chicago","09A","murder and nonnegligent manslaughter","homicide offenses","persons",2010-05-09 03:32:00,-87.664576,41.730246,"street","street","170317303001005",NA,NA
"590",3498008,"Chicago","09A","murder and nonnegligent manslaughter","homicide offenses","persons",2010-05-09 20:30:00,-87.555241,41.747566,"private vehicle","vehicle","170314603024001",NA,NA
"591",3499215,"Chicago","09A","murder and nonnegligent manslaughter","homicide offenses","persons",2010-05-10 23:09:00,-87.643756,41.786389,"residence","residence","170318348003003",NA,NA
"592",3501336,"Chicago","09A","murder and nonnegligent manslaughter","homicide offenses","persons",2010-05-12 23:33:00,-87.619386,41.80132,"street","street","170318361002001",NA,NA
"593",3503181,"Chicago","09A","murder and nonnegligent manslaughter","homicide offenses","persons",2010-05-14 17:25:00,-87.665975,41.996433,"private vehicle","vehicle","170310302004010",NA,NA
"594",3504404,"Chicago","09A","murder and nonnegligent manslaughter","homicide offenses","persons",2010-05-15 18:58:00,-87.61694,41.821717,"street","street","170313806001007",NA,NA
"595",3504507,"Chicago","09A","murder and nonnegligent manslaughter","homicide offenses","persons",2010-05-15 20:30:00,-87.726622,41.875255,"street","street","170312607002011",NA,NA
"596",3504912,"Chicago","09A","murder and nonnegligent manslaughter","homicide offenses","persons",2010-05-16 06:22:00,-87.727484,41.861673,"other open space","open space","170312909002004",NA,NA
"597",3504992,"Chicago","09A","murder and nonnegligent manslaughter","homicide offenses","persons",2010-05-16 10:40:00,-87.631052,41.677292,"residence","residence","170315305011003",NA,NA
"598",3506626,"Chicago","09A","murder and nonnegligent manslaughter","homicide offenses","persons",2010-05-17 22:17:00,-87.728603,41.793154,"residence","residence","170316203003000",NA,NA
"599",3506627,"Chicago","09A","murder and nonnegligent manslaughter","homicide offenses","persons",2010-05-17 22:17:00,-87.728603,41.793154,"residence","residence","170316203003000",NA,NA
"600",3506829,"Chicago","09A","murder and nonnegligent manslaughter","homicide offenses","persons",2010-05-18 06:37:00,-87.702166,41.805186,"private vehicle","vehicle","170318428004022",NA,NA
"601",3506830,"Chicago","09A","murder and nonnegligent manslaughter","homicide offenses","persons",2010-05-18 06:37:00,-87.702166,41.805186,"private vehicle","vehicle","170318428004022",NA,NA
"602",3506831,"Chicago","09A","murder and nonnegligent manslaughter","homicide offenses","persons",2010-05-18 06:37:00,-87.702166,41.805186,"private vehicle","vehicle","170318428004022",NA,NA
"603",3507292,"Chicago","09A","murder and nonnegligent manslaughter","homicide offenses","persons",2010-05-18 15:35:00,-87.632818,41.816398,"street","street","170318355001022",NA,NA
"604",3507829,"Chicago","09A","murder and nonnegligent manslaughter","homicide offenses","persons",2010-05-19 01:05:00,-87.682058,41.769466,"private vehicle","vehicle","170316607002012",NA,NA
"605",3508735,"Chicago","09A","murder and nonnegligent manslaughter","homicide offenses","persons",2010-05-19 21:25:00,-87.646443,41.749722,"residence","residence","170317108001009",NA,NA
"606",3508892,"Chicago","09A","murder and nonnegligent manslaughter","homicide offenses","persons",2010-05-20 00:07:00,-87.615623,41.74014,"street","street","170314403002013",NA,NA
"607",3509441,"Chicago","09A","murder and nonnegligent manslaughter","homicide offenses","persons",2010-05-20 14:54:00,-87.670963,42.01774,"residence","residence","170310102021005",NA,NA
"608",3509709,"Chicago","09A","murder and nonnegligent manslaughter","homicide offenses","persons",2010-05-20 19:10:00,-87.648598,41.786185,"other open space","open space","170318348001009",NA,NA
"609",3512351,"Chicago","09A","murder and nonnegligent manslaughter","homicide offenses","persons",2010-05-23 05:15:00,-87.751238,41.898629,"residence","residence","170312511001004",NA,NA
"610",3512998,"Chicago","09A","murder and nonnegligent manslaughter","homicide offenses","persons",2010-05-23 21:20:00,-87.614925,41.788677,"green space","open space","170314003001023",NA,NA
"611",3513313,"Chicago","09A","murder and nonnegligent manslaughter","homicide offenses","persons",2010-05-24 03:20:00,-87.62148,41.819259,"street","street","170313806002006",NA,NA
"612",3514279,"Chicago","09A","murder and nonnegligent manslaughter","homicide offenses","persons",2010-05-24 22:59:00,-87.735612,41.884907,"street","street","170312603001010",NA,NA
"613",3514813,"Chicago","09A","murder and nonnegligent manslaughter","homicide offenses","persons",2010-05-25 13:57:00,-87.55631,41.757639,"street","street","170314314002005",NA,NA
"614",3514999,"Chicago","09A","murder and nonnegligent manslaughter","homicide offenses","persons",2010-05-25 16:50:00,-87.55631,41.757639,"street","street","170314314002005",NA,NA
"615",3515000,"Chicago","09A","murder and nonnegligent manslaughter","homicide offenses","persons",2010-05-25 16:50:00,-87.55631,41.757639,"street","street","170314314002005",NA,NA
"616",3515637,"Chicago","09A","murder and nonnegligent manslaughter","homicide offenses","persons",2010-05-26 07:35:00,-87.707686,41.892547,"residence","residence","170318367001016",NA,NA
"617",3515669,"Chicago","09A","murder and nonnegligent manslaughter","homicide offenses","persons",2010-05-26 08:19:00,-87.634817,41.682507,"residence","residence","170315302005012",NA,NA
"618",3515681,"Chicago","09A","murder and nonnegligent manslaughter","homicide offenses","persons",2010-05-26 08:39:00,-87.66356,41.755339,"private vehicle","vehicle","170317104001006",NA,NA
"619",3516591,"Chicago","09A","murder and nonnegligent manslaughter","homicide offenses","persons",2010-05-26 23:39:00,-87.576381,41.769143,"residence","residence","170314302002000",NA,NA
"620",3516725,"Chicago","09A","murder and nonnegligent manslaughter","homicide offenses","persons",2010-05-27 02:25:00,-87.603827,41.731191,"street","street","170314408002001",NA,NA
"621",3519672,"Chicago","09A","murder and nonnegligent manslaughter","homicide offenses","persons",2010-05-29 20:07:00,-87.708453,41.902814,"street","street","170318366002001",NA,NA
"622",3519927,"Chicago","09A","murder and nonnegligent manslaughter","homicide offenses","persons",2010-05-30 00:28:00,-87.662337,41.801014,"street","street","170316119001001",NA,NA
"623",3519933,"Chicago","09A","murder and nonnegligent manslaughter","homicide offenses","persons",2010-05-30 00:30:00,-87.660645,41.78256,"street","street","170316708001015",NA,NA
"624",3520130,"Chicago","09A","murder and nonnegligent manslaughter","homicide offenses","persons",2010-05-30 05:42:00,-87.665648,41.833953,"street","street","170318404001038",NA,NA
"625",3520714,"Chicago","09A","murder and nonnegligent manslaughter","homicide offenses","persons",2010-05-30 21:24:00,-87.695805,41.810071,"street","street","170318428005009",NA,NA
"626",3520984,"Chicago","09A","murder and nonnegligent manslaughter","homicide offenses","persons",2010-05-31 03:44:00,-87.718433,41.843516,"street","street","170313017011006",NA,NA
"627",3521358,"Chicago","09A","murder and nonnegligent manslaughter","homicide offenses","persons",2010-05-31 17:30:00,-87.615523,41.77615,"private vehicle","vehicle","170314207005009",NA,NA
"628",3521887,"Chicago","09A","murder and nonnegligent manslaughter","homicide offenses","persons",2010-06-01 03:45:00,-87.616269,41.685392,"street","street","170314914003014",NA,NA
"629",3522898,"Chicago","09A","murder and nonnegligent manslaughter","homicide offenses","persons",2010-06-01 22:33:00,-87.681345,41.841272,"private vehicle","vehicle","170318413004010",NA,NA
"630",3523952,"Chicago","09A","murder and nonnegligent manslaughter","homicide offenses","persons",2010-06-02 21:30:00,-87.732239,41.900749,"street","street","170318421004011",NA,NA
"631",3524596,"Chicago","09A","murder and nonnegligent manslaughter","homicide offenses","persons",2010-06-03 14:00:00,-87.660192,41.866095,"vehicle parking","open space","170318429001063",NA,NA
"632",3525161,"Chicago","09A","murder and nonnegligent manslaughter","homicide offenses","persons",2010-06-04 00:25:00,-87.656104,41.748188,"street","street","170317107002007",NA,NA
"633",3527140,"Chicago","09A","murder and nonnegligent manslaughter","homicide offenses","persons",2010-06-05 20:41:00,-87.581466,41.725413,"residence","residence","170314804003017",NA,NA
"634",3527382,"Chicago","09A","murder and nonnegligent manslaughter","homicide offenses","persons",2010-06-06 01:31:00,-87.649946,41.791517,"private vehicle","vehicle","170318347002011",NA,NA
"635",3528216,"Chicago","09A","murder and nonnegligent manslaughter","homicide offenses","persons",2010-06-06 22:39:00,-87.546831,41.751142,"street","street","170314601001018",NA,NA
"636",3528769,"Chicago","09A","murder and nonnegligent manslaughter","homicide offenses","persons",2010-06-07 13:17:00,-87.588743,41.772821,"street","street","170314303001003",NA,NA
"637",3530085,"Chicago","09A","murder and nonnegligent manslaughter","homicide offenses","persons",2010-06-08 18:40:00,-87.717904,41.89177,"other retail","retail","170312315005010",NA,NA
"638",3530086,"Chicago","09A","murder and nonnegligent manslaughter","homicide offenses","persons",2010-06-08 18:40:00,-87.717904,41.89177,"other retail","retail","170312315005010",NA,NA
"639",3530258,"Chicago","09A","murder and nonnegligent manslaughter","homicide offenses","persons",2010-06-08 21:30:00,-87.743584,41.938873,"street","street","170311510024000",NA,NA
"640",3530347,"Chicago","09A","murder and nonnegligent manslaughter","homicide offenses","persons",2010-06-08 23:25:00,-87.735958,41.874223,"street","street","170312605001029",NA,NA
"641",3530838,"Chicago","09A","murder and nonnegligent manslaughter","homicide offenses","persons",2010-06-09 13:32:00,-87.612649,41.808523,"residence","residence","170313812002022",NA,NA
"642",3530839,"Chicago","09A","murder and nonnegligent manslaughter","homicide offenses","persons",2010-06-09 13:32:00,-87.612649,41.808523,"residence","residence","170313812002022",NA,NA
"643",3533958,"Chicago","09A","murder and nonnegligent manslaughter","homicide offenses","persons",2010-06-12 01:10:00,-87.696444,41.9428,"street","street","170312101001001",NA,NA
"644",3534014,"Chicago","09A","murder and nonnegligent manslaughter","homicide offenses","persons",2010-06-12 02:06:00,-87.699447,41.884132,"street","street","170318371002016",NA,NA
"645",3534066,"Chicago","09A","murder and nonnegligent manslaughter","homicide offenses","persons",2010-06-12 03:37:00,-87.545727,41.732931,"residence","residence","170318339001004",NA,NA
"646",3534219,"Chicago","09A","murder and nonnegligent manslaughter","homicide offenses","persons",2010-06-12 10:15:00,-87.693627,41.787531,"other open space","open space","170316308004000",NA,NA
"647",3535002,"Chicago","09A","murder and nonnegligent manslaughter","homicide offenses","persons",2010-06-13 02:56:00,-87.650135,41.751899,"residence","residence","170317108004003",NA,NA
"648",3535028,"Chicago","09A","murder and nonnegligent manslaughter","homicide offenses","persons",2010-06-13 03:22:00,-87.615289,41.766832,"street","street","170316904002012",NA,NA
"649",3535791,"Chicago","09A","murder and nonnegligent manslaughter","homicide offenses","persons",2010-06-13 23:51:00,-87.711339,41.89232,"street","street","170318367001011",NA,NA
"650",3536246,"Chicago","09A","murder and nonnegligent manslaughter","homicide offenses","persons",2010-06-14 12:23:00,-87.714873,41.847303,"residence","residence","170313006002000",NA,NA
"651",3536977,"Chicago","09A","murder and nonnegligent manslaughter","homicide offenses","persons",2010-06-15 01:00:00,-87.663924,41.794033,"residence","residence","170316702001001",NA,NA
"652",3537686,"Chicago","09A","murder and nonnegligent manslaughter","homicide offenses","persons",2010-06-15 18:28:00,-87.552238,41.744647,"street","street","170314601004012",NA,NA
"653",3537729,"Chicago","09A","murder and nonnegligent manslaughter","homicide offenses","persons",2010-06-15 19:15:00,-87.718681,41.903086,"street","street","170312307002013",NA,NA
"654",3539278,"Chicago","09A","murder and nonnegligent manslaughter","homicide offenses","persons",2010-06-17 07:18:00,-87.677538,41.778415,"other open space","open space","170316714001004",NA,NA
"655",3539319,"Chicago","09A","murder and nonnegligent manslaughter","homicide offenses","persons",2010-06-17 08:26:00,-87.722359,41.835101,"street","street","170318305002013",NA,NA
"656",3540294,"Chicago","09A","murder and nonnegligent manslaughter","homicide offenses","persons",2010-06-18 01:11:00,-87.736749,41.878736,"street","street","170312605001007",NA,NA
"657",3541375,"Chicago","09A","murder and nonnegligent manslaughter","homicide offenses","persons",2010-06-19 02:01:00,-87.722246,41.85046,"street","street","170313005001002",NA,NA
"658",3541402,"Chicago","09A","murder and nonnegligent manslaughter","homicide offenses","persons",2010-06-19 03:01:00,-87.722246,41.85046,"private vehicle","vehicle","170313005001002",NA,NA
"659",3541403,"Chicago","09A","murder and nonnegligent manslaughter","homicide offenses","persons",2010-06-19 03:01:00,-87.722246,41.85046,"private vehicle","vehicle","170313005001002",NA,NA
"660",3542251,"Chicago","09A","murder and nonnegligent manslaughter","homicide offenses","persons",2010-06-20 00:09:00,-87.641502,41.692364,"street","street","170314912003004",NA,NA
"661",3543211,"Chicago","09A","murder and nonnegligent manslaughter","homicide offenses","persons",2010-06-20 22:07:00,-87.66955,41.735703,"street","street","170317113001005",NA,NA
"662",3543414,"Chicago","09A","murder and nonnegligent manslaughter","homicide offenses","persons",2010-06-21 01:52:00,-87.601609,41.777844,"street","street","170314208001004",NA,NA
"663",3543427,"Chicago","09A","murder and nonnegligent manslaughter","homicide offenses","persons",2010-06-21 02:02:00,-87.664967,41.762436,"street","street","170316720001006",NA,NA
"664",3543479,"Chicago","09A","murder and nonnegligent manslaughter","homicide offenses","persons",2010-06-21 03:45:00,-87.644528,41.757732,"street","street","170317102001000",NA,NA
"665",3543593,"Chicago","09A","murder and nonnegligent manslaughter","homicide offenses","persons",2010-06-21 08:40:00,-87.626254,41.729679,"rapid transit","transportation","170318340001006",NA,NA
"666",3543594,"Chicago","09A","murder and nonnegligent manslaughter","homicide offenses","persons",2010-06-21 08:40:00,-87.626254,41.729679,"rapid transit","transportation","170318340001006",NA,NA
"667",3544211,"Chicago","09A","murder and nonnegligent manslaughter","homicide offenses","persons",2010-06-21 20:04:00,-87.740602,41.935869,"other open space","open space","170312001003017",NA,NA
"668",3544740,"Chicago","09A","murder and nonnegligent manslaughter","homicide offenses","persons",2010-06-22 11:02:00,-87.64939,41.769963,"other open space","open space","170316811004009",NA,NA
"669",3547400,"Chicago","09A","murder and nonnegligent manslaughter","homicide offenses","persons",2010-06-24 22:14:00,-87.66789,41.80129,"street","street","170316118001005",NA,NA
"670",3548032,"Chicago","09A","murder and nonnegligent manslaughter","homicide offenses","persons",2010-06-25 13:54:00,-87.734007,41.886899,"street","street","170312603001003",NA,NA
"671",3548791,"Chicago","09A","murder and nonnegligent manslaughter","homicide offenses","persons",2010-06-26 02:07:00,-87.566496,41.765279,"residence","residence","170314306001018",NA,NA
"672",3548838,"Chicago","09A","murder and nonnegligent manslaughter","homicide offenses","persons",2010-06-26 03:16:00,-87.555213,41.745971,"street","street","170314603024022",NA,NA
"673",3548868,"Chicago","09A","murder and nonnegligent manslaughter","homicide offenses","persons",2010-06-26 04:02:00,-87.670977,41.853392,"street","street","170313109002003",NA,NA
"674",3549055,"Chicago","09A","murder and nonnegligent manslaughter","homicide offenses","persons",2010-06-26 10:41:00,-87.664242,41.780352,"street","street","170316707002011",NA,NA
"675",3549837,"Chicago","09A","murder and nonnegligent manslaughter","homicide offenses","persons",2010-06-27 00:49:00,-87.698871,41.800448,"street","street","170316304001007",NA,NA
"676",3556642,"Chicago","09A","murder and nonnegligent manslaughter","homicide offenses","persons",2010-07-03 00:26:00,-87.68707,41.869331,"street","street","170312827001004",NA,NA
"677",3556825,"Chicago","09A","murder and nonnegligent manslaughter","homicide offenses","persons",2010-07-03 04:30:00,-87.633094,41.850961,"street","street","170318411004013",NA,NA
"678",3557723,"Chicago","09A","murder and nonnegligent manslaughter","homicide offenses","persons",2010-07-04 01:59:00,-87.580676,41.741947,"other open space","open space","170314503001033",NA,NA
"679",3557990,"Chicago","09A","murder and nonnegligent manslaughter","homicide offenses","persons",2010-07-04 10:32:00,-87.762098,41.893925,"street","street","170312515003006",NA,NA
"680",3558166,"Chicago","09A","murder and nonnegligent manslaughter","homicide offenses","persons",2010-07-04 15:47:00,-87.66448,41.789931,"private vehicle","vehicle","170316703001007",NA,NA
"681",3558558,"Chicago","09A","murder and nonnegligent manslaughter","homicide offenses","persons",2010-07-04 23:07:00,-87.661816,41.780613,"street","street","170316708002013",NA,NA
"682",3558846,"Chicago","09A","murder and nonnegligent manslaughter","homicide offenses","persons",2010-07-05 04:10:00,-87.665968,41.777629,"street","street","170316712001006",NA,NA
"683",3558875,"Chicago","09A","murder and nonnegligent manslaughter","homicide offenses","persons",2010-07-05 05:45:00,-87.601529,41.750664,"street","street","170314401014000",NA,NA
"684",3559586,"Chicago","09A","murder and nonnegligent manslaughter","homicide offenses","persons",2010-07-05 21:57:00,-87.66749,41.765917,"street","street","170316715003009",NA,NA
"685",3559814,"Chicago","09A","murder and nonnegligent manslaughter","homicide offenses","persons",2010-07-06 02:31:00,-87.651792,41.682252,"private vehicle","vehicle","170315303003006",NA,NA
"686",3560534,"Chicago","09A","murder and nonnegligent manslaughter","homicide offenses","persons",2010-07-06 19:39:00,-87.657015,41.693458,"street","street","170317501004022",NA,NA
"687",3560849,"Chicago","09A","murder and nonnegligent manslaughter","homicide offenses","persons",2010-07-07 00:55:00,-87.635111,41.691601,"private vehicle","vehicle","170314912001003",NA,NA
"688",3560894,"Chicago","09A","murder and nonnegligent manslaughter","homicide offenses","persons",2010-07-07 02:04:00,-87.649995,41.96477,"street","street","170310314005010",NA,NA
"689",3561236,"Chicago","09A","murder and nonnegligent manslaughter","homicide offenses","persons",2010-07-07 12:50:00,-87.708914,41.892831,"street","street","170318367001015",NA,NA
"690",3561393,"Chicago","09A","murder and nonnegligent manslaughter","homicide offenses","persons",2010-07-07 15:45:00,-87.65458,41.782606,"vehicle parking","open space","170316709001010",NA,NA
"691",3561844,"Chicago","09A","murder and nonnegligent manslaughter","homicide offenses","persons",2010-07-07 23:20:00,-87.731747,41.851443,"street","street","170318434001006",NA,NA
"692",3561910,"Chicago","09A","murder and nonnegligent manslaughter","homicide offenses","persons",2010-07-08 00:07:00,-87.607941,41.823949,"street","street","170313801001001",NA,NA
"693",3564533,"Chicago","09A","murder and nonnegligent manslaughter","homicide offenses","persons",2010-07-10 11:42:00,-87.687388,41.782194,"residence","residence","170318350004000",NA,NA
"694",3565163,"Chicago","09A","murder and nonnegligent manslaughter","homicide offenses","persons",2010-07-10 23:23:00,-87.563824,41.752698,"street","street","170314313013006",NA,NA
"695",3565284,"Chicago","09A","murder and nonnegligent manslaughter","homicide offenses","persons",2010-07-11 01:35:00,-87.667235,41.743017,"street","street","170317112001006",NA,NA
"696",3569641,"Chicago","09A","murder and nonnegligent manslaughter","homicide offenses","persons",2010-07-15 07:46:00,-87.644614,41.773054,"street","street","170316810002012",NA,NA
"697",3570030,"Chicago","09A","murder and nonnegligent manslaughter","homicide offenses","persons",2010-07-15 15:45:00,-87.650639,41.68429,"street","street","170315303002006",NA,NA
"698",3570950,"Chicago","09A","murder and nonnegligent manslaughter","homicide offenses","persons",2010-07-16 12:55:00,-87.645247,41.772463,"abandoned","other","170316810002012",NA,NA
"699",3571694,"Chicago","09A","murder and nonnegligent manslaughter","homicide offenses","persons",2010-07-17 00:47:00,-87.724184,41.919677,"private vehicle","vehicle","170312209013003",NA,NA
"700",3571721,"Chicago","09A","murder and nonnegligent manslaughter","homicide offenses","persons",2010-07-17 01:10:00,-87.724024,41.878889,"green space","open space","170312608001012",NA,NA
"701",3572204,"Chicago","09A","murder and nonnegligent manslaughter","homicide offenses","persons",2010-07-17 14:35:00,-87.730614,41.852504,"other commercial","commercial","170312925003026",NA,NA
"702",3573044,"Chicago","09A","murder and nonnegligent manslaughter","homicide offenses","persons",2010-07-18 06:00:00,-87.606656,41.759741,"street","street","170316909002009",NA,NA
"703",3573253,"Chicago","09A","murder and nonnegligent manslaughter","homicide offenses","persons",2010-07-18 13:05:00,-87.622221,41.805655,"residence","residence","170313814001018",NA,NA
"704",3573350,"Chicago","09A","murder and nonnegligent manslaughter","homicide offenses","persons",2010-07-18 15:25:00,-87.746338,41.87496,"private vehicle","vehicle","170312522025005",NA,NA
"705",3574676,"Chicago","09A","murder and nonnegligent manslaughter","homicide offenses","persons",2010-07-19 20:40:00,-87.653827,41.800725,"street","street","170316120001004",NA,NA
"706",3577064,"Chicago","09A","murder and nonnegligent manslaughter","homicide offenses","persons",2010-07-21 23:40:00,-87.67181,41.745683,"street","street","170317105004014",NA,NA
"707",3578110,"Chicago","09A","murder and nonnegligent manslaughter","homicide offenses","persons",2010-07-22 21:10:00,-87.641635,41.75204,"residence","residence","170317101001016",NA,NA
"708",3578485,"Chicago","09A","murder and nonnegligent manslaughter","homicide offenses","persons",2010-07-23 06:27:00,-87.69712,41.781746,"other commercial","commercial","170316603024005",NA,NA
"709",3578676,"Chicago","09A","murder and nonnegligent manslaughter","homicide offenses","persons",2010-07-23 11:30:00,-87.696584,41.746243,"residence","residence","170317005014018",NA,NA
"710",3579419,"Chicago","09A","murder and nonnegligent manslaughter","homicide offenses","persons",2010-07-24 01:54:00,-87.642379,41.735326,"street","street","170317115002012",NA,NA
"711",3579517,"Chicago","09A","murder and nonnegligent manslaughter","homicide offenses","persons",2010-07-24 05:58:00,-87.704627,41.88281,"residence","residence","170318369001001",NA,NA
"712",3584400,"Chicago","09A","murder and nonnegligent manslaughter","homicide offenses","persons",2010-07-28 20:18:00,-87.625299,41.683889,"street","street","170315302001006",NA,NA
"713",3584712,"Chicago","09A","murder and nonnegligent manslaughter","homicide offenses","persons",2010-07-29 01:38:00,-87.660999,41.964165,"street","street","170310317003000",NA,NA
"714",3586245,"Chicago","09A","murder and nonnegligent manslaughter","homicide offenses","persons",2010-07-30 16:44:00,-87.644449,41.680811,"street","street","170315303001005",NA,NA
"715",3586253,"Chicago","09A","murder and nonnegligent manslaughter","homicide offenses","persons",2010-07-30 16:50:00,-87.742494,41.894111,"other open space","open space","170312517001012",NA,NA
"716",3586717,"Chicago","09A","murder and nonnegligent manslaughter","homicide offenses","persons",2010-07-31 00:33:00,-87.750357,41.940609,"residence","residence","170311510021008",NA,NA
"717",3587056,"Chicago","09A","murder and nonnegligent manslaughter","homicide offenses","persons",2010-07-31 11:30:00,-87.668807,41.769712,"residence","residence","170316715003003",NA,NA
"718",3587935,"Chicago","09A","murder and nonnegligent manslaughter","homicide offenses","persons",2010-08-01 03:21:00,-87.577014,41.741729,"private vehicle","vehicle","170314503002015",NA,NA
"719",3587936,"Chicago","09A","murder and nonnegligent manslaughter","homicide offenses","persons",2010-08-01 03:21:00,-87.577014,41.741729,"private vehicle","vehicle","170314503002015",NA,NA
"720",3588279,"Chicago","09A","murder and nonnegligent manslaughter","homicide offenses","persons",2010-08-01 12:32:00,-87.633158,41.668029,"residence","residence","170315305032018",NA,NA
"721",3589668,"Chicago","09A","murder and nonnegligent manslaughter","homicide offenses","persons",2010-08-02 19:30:00,-87.638959,41.767101,"street","street","170316812003012",NA,NA
"722",3590238,"Chicago","09A","murder and nonnegligent manslaughter","homicide offenses","persons",2010-08-03 11:05:00,-87.66749,41.765936,"residence","residence","170316715003009",NA,NA
"723",3591638,"Chicago","09A","murder and nonnegligent manslaughter","homicide offenses","persons",2010-08-04 17:52:00,-87.563168,41.760353,"street","street","170314313021006",NA,NA
"724",3592923,"Chicago","09A","murder and nonnegligent manslaughter","homicide offenses","persons",2010-08-05 21:00:00,-87.666637,41.733197,"street","street","170317113002005",NA,NA
"725",3593191,"Chicago","09A","murder and nonnegligent manslaughter","homicide offenses","persons",2010-08-06 01:10:00,-87.584433,41.752587,"street","street","170318342003004",NA,NA
"726",3594125,"Chicago","09A","murder and nonnegligent manslaughter","homicide offenses","persons",2010-08-06 21:26:00,-87.726399,41.905778,"vehicle parking","open space","170312306001011",NA,NA
"727",3594338,"Chicago","09A","murder and nonnegligent manslaughter","homicide offenses","persons",2010-08-07 00:47:00,-87.6427,41.793249,"street","street","170318347003012",NA,NA
"728",3595164,"Chicago","09A","murder and nonnegligent manslaughter","homicide offenses","persons",2010-08-07 20:04:00,-87.655663,41.689045,"green space","open space","170317506003018",NA,NA
"729",3595950,"Chicago","09A","murder and nonnegligent manslaughter","homicide offenses","persons",2010-08-08 14:43:00,-87.749187,41.896808,"street","street","170312511002005",NA,NA
"730",3596742,"Chicago","09A","murder and nonnegligent manslaughter","homicide offenses","persons",2010-08-09 09:14:00,-87.628351,41.708473,"street","street","170314907002008",NA,NA
"731",3598179,"Chicago","09A","murder and nonnegligent manslaughter","homicide offenses","persons",2010-08-10 16:36:00,-87.725149,41.86564,"other open space","open space","170318387003008",NA,NA
"732",3598345,"Chicago","09A","murder and nonnegligent manslaughter","homicide offenses","persons",2010-08-10 19:28:00,-87.754199,41.890104,"street","street","170312516003009",NA,NA
"733",3598451,"Chicago","09A","murder and nonnegligent manslaughter","homicide offenses","persons",2010-08-10 20:45:00,-87.618432,41.699336,"street","street","170314909013007",NA,NA
"734",3598561,"Chicago","09A","murder and nonnegligent manslaughter","homicide offenses","persons",2010-08-10 22:08:00,-87.732891,41.876699,"street","street","170312606002004",NA,NA
"735",3600198,"Chicago","09A","murder and nonnegligent manslaughter","homicide offenses","persons",2010-08-12 13:08:00,-87.717501,41.894392,"street","street","170312315002003",NA,NA
"736",3600297,"Chicago","09A","murder and nonnegligent manslaughter","homicide offenses","persons",2010-08-12 15:13:00,-87.662634,41.766125,"street","street","170316716002015",NA,NA
"737",3600598,"Chicago","09A","murder and nonnegligent manslaughter","homicide offenses","persons",2010-08-12 20:44:00,-87.619618,41.692046,"private vehicle","vehicle","170314914003007",NA,NA
"738",3600942,"Chicago","09A","murder and nonnegligent manslaughter","homicide offenses","persons",2010-08-13 05:20:00,-87.602108,41.75132,"street","street","170314401014000",NA,NA
"739",3601236,"Chicago","09A","murder and nonnegligent manslaughter","homicide offenses","persons",2010-08-13 13:03:00,-87.575528,41.76625,"street","street","170314301012006",NA,NA
"740",3602032,"Chicago","09A","murder and nonnegligent manslaughter","homicide offenses","persons",2010-08-14 03:04:00,-87.69358,41.785934,"street","street","170318350003002",NA,NA
"741",3603062,"Chicago","09A","murder and nonnegligent manslaughter","homicide offenses","persons",2010-08-15 01:23:00,-87.606028,41.784883,"street","street","170314205001000",NA,NA
"742",3603111,"Chicago","09A","murder and nonnegligent manslaughter","homicide offenses","persons",2010-08-15 02:27:00,-87.665699,42.004189,"residence","residence","170310106001018",NA,NA
"743",3603969,"Chicago","09A","murder and nonnegligent manslaughter","homicide offenses","persons",2010-08-15 22:08:00,-87.551279,41.731018,"street","street","170318339002009",NA,NA
"744",3604140,"Chicago","09A","murder and nonnegligent manslaughter","homicide offenses","persons",2010-08-16 01:40:00,-87.705653,41.956484,"private vehicle","vehicle","170311606022002",NA,NA
"745",3604708,"Chicago","09A","murder and nonnegligent manslaughter","homicide offenses","persons",2010-08-16 16:45:00,-87.753895,41.879392,"street","street","170312522011001",NA,NA
"746",3605216,"Chicago","09A","murder and nonnegligent manslaughter","homicide offenses","persons",2010-08-17 00:07:00,-87.731628,41.923182,"private vehicle","vehicle","170312003001010",NA,NA
"747",3605389,"Chicago","09A","murder and nonnegligent manslaughter","homicide offenses","persons",2010-08-17 08:25:00,-87.728888,41.867032,"street","street","170318430002019",NA,NA
"748",3606663,"Chicago","09A","murder and nonnegligent manslaughter","homicide offenses","persons",2010-08-18 12:18:00,-87.651912,41.863467,"residence","residence","170312838002001",NA,NA
"749",3607383,"Chicago","09A","murder and nonnegligent manslaughter","homicide offenses","persons",2010-08-18 23:55:00,-87.706167,41.778923,"street","street","170316605001002",NA,NA
"750",3607496,"Chicago","09A","murder and nonnegligent manslaughter","homicide offenses","persons",2010-08-19 02:57:00,-87.656106,41.987344,"street","street","170310306011000",NA,NA
"751",3607533,"Chicago","09A","murder and nonnegligent manslaughter","homicide offenses","persons",2010-08-19 04:45:00,-87.545642,41.729424,"street","street","170314610001012",NA,NA
"752",3608385,"Chicago","09A","murder and nonnegligent manslaughter","homicide offenses","persons",2010-08-19 21:30:00,-87.748958,41.897718,"street","street","170312511002007",NA,NA
"753",3608473,"Chicago","09A","murder and nonnegligent manslaughter","homicide offenses","persons",2010-08-19 22:52:00,-87.665967,41.781271,"street","street","170316707002002",NA,NA
"754",3608522,"Chicago","09A","murder and nonnegligent manslaughter","homicide offenses","persons",2010-08-19 23:30:00,-87.592037,41.759615,"street","street","170314304004007",NA,NA
"755",3608615,"Chicago","09A","murder and nonnegligent manslaughter","homicide offenses","persons",2010-08-20 01:20:00,-87.646178,41.69717,"residence","residence","170317501001003",NA,NA
"756",3609801,"Chicago","09A","murder and nonnegligent manslaughter","homicide offenses","persons",2010-08-21 01:35:00,-87.628039,41.816237,"street","street","170318446001008",NA,NA
"757",3609831,"Chicago","09A","murder and nonnegligent manslaughter","homicide offenses","persons",2010-08-21 02:10:00,-87.69572,41.822763,"street","street","170315805014000",NA,NA
"758",3610846,"Chicago","09A","murder and nonnegligent manslaughter","homicide offenses","persons",2010-08-22 01:55:00,-87.735305,41.875699,"other open space","open space","170312605001022",NA,NA
"759",3611460,"Chicago","09A","murder and nonnegligent manslaughter","homicide offenses","persons",2010-08-22 17:55:00,-87.752401,41.879412,"private vehicle","vehicle","170312522011004",NA,NA
"760",3611852,"Chicago","09A","murder and nonnegligent manslaughter","homicide offenses","persons",2010-08-23 01:28:00,-87.736365,41.8806,"street","street","170312605001000",NA,NA
"761",3612973,"Chicago","09A","murder and nonnegligent manslaughter","homicide offenses","persons",2010-08-24 01:07:00,-87.575941,41.749205,"private vehicle","vehicle","170314605006007",NA,NA
"762",3613044,"Chicago","09A","murder and nonnegligent manslaughter","homicide offenses","persons",2010-08-24 04:47:00,-87.662196,41.795549,"street","street","170316119001023",NA,NA
"763",3614122,"Chicago","09A","murder and nonnegligent manslaughter","homicide offenses","persons",2010-08-25 03:41:00,-87.615277,41.766324,"residence","residence","170316904002013",NA,NA
"764",3615128,"Chicago","09A","murder and nonnegligent manslaughter","homicide offenses","persons",2010-08-26 00:27:00,-87.615566,41.777838,"street","street","170314207005008",NA,NA
"765",3616354,"Chicago","09A","murder and nonnegligent manslaughter","homicide offenses","persons",2010-08-27 04:10:00,-87.704664,41.78939,"street","street","170316309001007",NA,NA
"766",3617384,"Chicago","09A","murder and nonnegligent manslaughter","homicide offenses","persons",2010-08-28 00:09:00,-87.801402,41.923549,"residence","residence","170318316004012",NA,NA
"767",3617397,"Chicago","09A","murder and nonnegligent manslaughter","homicide offenses","persons",2010-08-28 00:30:00,-87.759939,41.909447,"street","street","170312503002014",NA,NA
"768",3617565,"Chicago","09A","murder and nonnegligent manslaughter","homicide offenses","persons",2010-08-28 04:39:00,-87.698023,41.882881,"street","street","170318371002025",NA,NA
"769",3618072,"Chicago","09A","murder and nonnegligent manslaughter","homicide offenses","persons",2010-08-28 18:30:00,-87.736151,41.878744,"street","street","170312605001005",NA,NA
"770",3618184,"Chicago","09A","murder and nonnegligent manslaughter","homicide offenses","persons",2010-08-28 20:39:00,-87.724943,41.898186,"street","street","170312312005012",NA,NA
"771",3618606,"Chicago","09A","murder and nonnegligent manslaughter","homicide offenses","persons",2010-08-29 03:50:00,-87.686315,41.787896,"street","street","170318351003003",NA,NA
"772",3619258,"Chicago","09A","murder and nonnegligent manslaughter","homicide offenses","persons",2010-08-29 19:37:00,-87.663984,41.801331,"private vehicle","vehicle","170316112002014",NA,NA
"773",3620666,"Chicago","09A","murder and nonnegligent manslaughter","homicide offenses","persons",2010-08-31 00:09:00,-87.726586,41.877075,"street","street","170312607002003",NA,NA
"774",3620713,"Chicago","09A","murder and nonnegligent manslaughter","homicide offenses","persons",2010-08-31 01:35:00,-87.654909,41.88166,"street","street","170318331003001",NA,NA
"775",3621851,"Chicago","09A","murder and nonnegligent manslaughter","homicide offenses","persons",2010-09-01 01:33:00,-87.625602,41.790752,"convenience store","retail","170318345001006",NA,NA
"776",3622411,"Chicago","09A","murder and nonnegligent manslaughter","homicide offenses","persons",2010-09-01 15:12:00,-87.728653,41.770679,"private vehicle","vehicle","170316505002008",NA,NA
"777",3623006,"Chicago","09A","murder and nonnegligent manslaughter","homicide offenses","persons",2010-09-02 00:46:00,-87.70175,41.879559,"street","street","170312712001006",NA,NA
"778",3623440,"Chicago","09A","murder and nonnegligent manslaughter","homicide offenses","persons",2010-09-02 14:30:00,-87.606048,41.751269,"street","street","170314402011000",NA,NA
"779",3623770,"Chicago","09A","murder and nonnegligent manslaughter","homicide offenses","persons",2010-09-02 20:30:00,-87.730168,41.781499,"other commercial","commercial","170316502003001",NA,NA
"780",3623771,"Chicago","09A","murder and nonnegligent manslaughter","homicide offenses","persons",2010-09-02 20:30:00,-87.730168,41.781499,"other commercial","commercial","170316502003001",NA,NA
"781",3623772,"Chicago","09A","murder and nonnegligent manslaughter","homicide offenses","persons",2010-09-02 20:30:00,-87.730168,41.781499,"other commercial","commercial","170316502003001",NA,NA
"782",3623773,"Chicago","09A","murder and nonnegligent manslaughter","homicide offenses","persons",2010-09-02 20:30:00,-87.730168,41.781499,"other commercial","commercial","170316502003001",NA,NA
"783",3625187,"Chicago","09A","murder and nonnegligent manslaughter","homicide offenses","persons",2010-09-04 02:52:00,-87.649575,41.777091,"residence","residence","170316810004010",NA,NA
"784",3625279,"Chicago","09A","murder and nonnegligent manslaughter","homicide offenses","persons",2010-09-04 06:40:00,-87.626224,41.69437,"residence","residence","170314910001028",NA,NA
"785",3627256,"Chicago","09A","murder and nonnegligent manslaughter","homicide offenses","persons",2010-09-06 07:00:00,-87.612708,41.823529,"private vehicle","vehicle","170313801001003",NA,NA
"786",3627749,"Chicago","09A","murder and nonnegligent manslaughter","homicide offenses","persons",2010-09-06 18:55:00,-87.69373,41.848287,"private vehicle","vehicle","170313012003007",NA,NA
"787",3629682,"Chicago","09A","murder and nonnegligent manslaughter","homicide offenses","persons",2010-09-08 14:30:00,-87.559954,41.738637,"street","street","170314603012012",NA,NA
"788",3630066,"Chicago","09A","murder and nonnegligent manslaughter","homicide offenses","persons",2010-09-08 20:58:00,-87.692404,41.787346,"street","street","170318351004014",NA,NA
"789",3630302,"Chicago","09A","murder and nonnegligent manslaughter","homicide offenses","persons",2010-09-09 00:37:00,-87.663191,41.740798,"street","street","170317111003004",NA,NA
"790",3630485,"Chicago","09A","murder and nonnegligent manslaughter","homicide offenses","persons",2010-09-09 09:00:00,-87.650097,41.835616,"residence","residence","170316009002008",NA,NA
"791",3636167,"Chicago","09A","murder and nonnegligent manslaughter","homicide offenses","persons",2010-09-14 18:17:00,-87.603404,41.776313,"street","street","170314208002004",NA,NA
"792",3636183,"Chicago","09A","murder and nonnegligent manslaughter","homicide offenses","persons",2010-09-14 18:31:00,-87.625602,41.790752,"bar/club","leisure","170318345001006",NA,NA
"793",3636420,"Chicago","09A","murder and nonnegligent manslaughter","homicide offenses","persons",2010-09-14 22:32:00,-87.643863,41.744545,"hotel","hotel","170317109001017",NA,NA
"794",3638935,"Chicago","09A","murder and nonnegligent manslaughter","homicide offenses","persons",2010-09-17 11:50:00,-87.657701,41.792306,"residence","residence","170316701002006",NA,NA
"795",3639965,"Chicago","09A","murder and nonnegligent manslaughter","homicide offenses","persons",2010-09-18 07:10:00,-87.662074,41.744326,"private vehicle","vehicle","170317107004009",NA,NA
"796",3644506,"Chicago","09A","murder and nonnegligent manslaughter","homicide offenses","persons",2010-09-22 13:50:00,-87.612008,41.779646,"street","street","170314207004002",NA,NA
"797",3645103,"Chicago","09A","murder and nonnegligent manslaughter","homicide offenses","persons",2010-09-22 23:46:00,-87.7169,41.871729,"street","street","170312705001031",NA,NA
"798",3645687,"Chicago","09A","murder and nonnegligent manslaughter","homicide offenses","persons",2010-09-23 15:42:00,-87.64165,41.670084,"street","street","170315305032010",NA,NA
"799",3646319,"Chicago","09A","murder and nonnegligent manslaughter","homicide offenses","persons",2010-09-24 02:45:00,-87.71366,41.847554,"street","street","170313007003005",NA,NA
"800",3646390,"Chicago","09A","murder and nonnegligent manslaughter","homicide offenses","persons",2010-09-24 06:54:00,-87.63564,41.670036,"street","street","170315305032012",NA,NA
"801",3647537,"Chicago","09A","murder and nonnegligent manslaughter","homicide offenses","persons",2010-09-25 04:00:00,-87.76431,41.911958,"private vehicle","vehicle","170312503003007",NA,NA
"802",3647789,"Chicago","09A","murder and nonnegligent manslaughter","homicide offenses","persons",2010-09-25 12:13:00,-87.716345,41.856057,"street","street","170312922002009",NA,NA
"803",3650354,"Chicago","09A","murder and nonnegligent manslaughter","homicide offenses","persons",2010-09-27 23:37:00,-87.680463,41.894036,"residence","residence","170312430002004",NA,NA
"804",3652340,"Chicago","09A","murder and nonnegligent manslaughter","homicide offenses","persons",2010-09-29 20:55:00,-87.609519,41.751208,"street","street","170314402012000",NA,NA
"805",3653230,"Chicago","09A","murder and nonnegligent manslaughter","homicide offenses","persons",2010-09-30 18:30:00,-87.605975,41.751268,"street","street","170314402011000",NA,NA
"806",3654097,"Chicago","09A","murder and nonnegligent manslaughter","homicide offenses","persons",2010-10-01 13:54:00,-87.667388,41.762299,"residence","residence","170316720001016",NA,NA
"807",3654798,"Chicago","09A","murder and nonnegligent manslaughter","homicide offenses","persons",2010-10-02 00:40:00,-87.74255,41.87283,"street","street","170318314001002",NA,NA
"808",3658231,"Chicago","09A","murder and nonnegligent manslaughter","homicide offenses","persons",2010-10-05 18:09:00,-87.663636,41.687739,"other open space","open space","170317505003044",NA,NA
"809",3658730,"Chicago","09A","murder and nonnegligent manslaughter","homicide offenses","persons",2010-10-06 08:20:00,-87.725961,41.87093,"street","street","170312610002011",NA,NA
"810",3659640,"Chicago","09A","murder and nonnegligent manslaughter","homicide offenses","persons",2010-10-06 23:00:00,-87.706158,41.972919,"street","street","170311401001000",NA,NA
"811",3660247,"Chicago","09A","murder and nonnegligent manslaughter","homicide offenses","persons",2010-10-07 15:45:00,-87.579837,41.791161,"green space","open space","170314110001007",NA,NA
"812",3661490,"Chicago","09A","murder and nonnegligent manslaughter","homicide offenses","persons",2010-10-08 17:30:00,-87.660663,41.736952,"street","street","170317111003015",NA,NA
"813",3663178,"Chicago","09A","murder and nonnegligent manslaughter","homicide offenses","persons",2010-10-10 02:30:00,-87.736442,41.93897,"street","street","170311612002004",NA,NA
"814",3663883,"Chicago","09A","murder and nonnegligent manslaughter","homicide offenses","persons",2010-10-10 20:02:00,-87.704,41.793508,"private vehicle","vehicle","170316303002013",NA,NA
"815",3664017,"Chicago","09A","murder and nonnegligent manslaughter","homicide offenses","persons",2010-10-10 22:18:00,-87.705487,41.859881,"street","street","170318415002011",NA,NA
"816",3664201,"Chicago","09A","murder and nonnegligent manslaughter","homicide offenses","persons",2010-10-11 02:27:00,-87.668345,41.826818,"street","street","170315907001003",NA,NA
"817",3664278,"Chicago","09A","murder and nonnegligent manslaughter","homicide offenses","persons",2010-10-11 07:45:00,-87.545466,41.744113,"residence","residence","170314602002000",NA,NA
"818",3664646,"Chicago","09A","murder and nonnegligent manslaughter","homicide offenses","persons",2010-10-11 15:21:00,-87.656014,41.994602,"street","street","170310301023000",NA,NA
"819",3664715,"Chicago","09A","murder and nonnegligent manslaughter","homicide offenses","persons",2010-10-11 16:48:00,-87.664091,41.808615,"hotel","hotel","170316112002000",NA,NA
"820",3664880,"Chicago","09A","murder and nonnegligent manslaughter","homicide offenses","persons",2010-10-11 19:44:00,-87.704705,41.881907,"street","street","170318369001002",NA,NA
"821",3666541,"Chicago","09A","murder and nonnegligent manslaughter","homicide offenses","persons",2010-10-13 11:04:00,-87.659283,41.731211,"street","street","170317302014000",NA,NA
"822",3668091,"Chicago","09A","murder and nonnegligent manslaughter","homicide offenses","persons",2010-10-14 20:25:00,-87.7987,41.917005,"street","street","170312505005009",NA,NA
"823",3670284,"Chicago","09A","murder and nonnegligent manslaughter","homicide offenses","persons",2010-10-16 21:23:00,-87.637304,41.900056,"other retail","retail","170318383002006",NA,NA
"824",3670597,"Chicago","09A","murder and nonnegligent manslaughter","homicide offenses","persons",2010-10-17 02:55:00,-87.624472,41.679828,"residence","residence","170315302001014",NA,NA
"825",3671026,"Chicago","09A","murder and nonnegligent manslaughter","homicide offenses","persons",2010-10-17 16:08:00,-87.703996,41.751605,"street","street","170317001002036",NA,NA
"826",3671237,"Chicago","09A","murder and nonnegligent manslaughter","homicide offenses","persons",2010-10-17 20:25:00,-87.686424,41.768286,"street","street","170316609002002",NA,NA
"827",3672206,"Chicago","09A","murder and nonnegligent manslaughter","homicide offenses","persons",2010-10-18 19:03:00,-87.655896,41.74042,"street","street","170317111001003",NA,NA
"828",3672355,"Chicago","09A","murder and nonnegligent manslaughter","homicide offenses","persons",2010-10-18 21:58:00,-87.656963,41.735089,"street","street","170317114003012",NA,NA
"829",3674265,"Chicago","09A","murder and nonnegligent manslaughter","homicide offenses","persons",2010-10-20 19:40:00,-87.664351,41.738461,"street","street","170317112002011",NA,NA
"830",3674804,"Chicago","09A","murder and nonnegligent manslaughter","homicide offenses","persons",2010-10-21 09:56:00,-87.719945,41.894591,"street","street","170312315004014",NA,NA
"831",3675619,"Chicago","09A","murder and nonnegligent manslaughter","homicide offenses","persons",2010-10-22 00:01:00,-87.71066,41.910066,"street","street","170312309001001",NA,NA
"832",3677867,"Chicago","09A","murder and nonnegligent manslaughter","homicide offenses","persons",2010-10-24 04:55:00,-87.658802,41.855769,"street","street","170313106003002",NA,NA
"833",3681509,"Chicago","09A","murder and nonnegligent manslaughter","homicide offenses","persons",2010-10-27 19:25:00,-87.621939,41.712651,"street","street","170314908003009",NA,NA
"834",3682317,"Chicago","09A","murder and nonnegligent manslaughter","homicide offenses","persons",2010-10-28 15:50:00,-87.6948,41.880179,"residence","residence","170318374001010",NA,NA
"835",3684537,"Chicago","09A","murder and nonnegligent manslaughter","homicide offenses","persons",2010-10-30 19:21:00,-87.691777,41.848312,"street","street","170313012003006",NA,NA
"836",3684588,"Chicago","09A","murder and nonnegligent manslaughter","homicide offenses","persons",2010-10-30 20:26:00,-87.620825,41.685901,"street","street","170314914002025",NA,NA
"837",3684881,"Chicago","09A","murder and nonnegligent manslaughter","homicide offenses","persons",2010-10-31 01:45:00,-87.61163,41.780311,"bar/club","leisure","170314206002012",NA,NA
"838",3685407,"Chicago","09A","murder and nonnegligent manslaughter","homicide offenses","persons",2010-10-31 17:03:00,-87.598532,41.72681,"street","street","170314701001018",NA,NA
"839",3685462,"Chicago","09A","murder and nonnegligent manslaughter","homicide offenses","persons",2010-10-31 18:22:00,-87.655357,41.963599,"street","street","170318307004000",NA,NA
"840",3685750,"Chicago","09A","murder and nonnegligent manslaughter","homicide offenses","persons",2010-10-31 22:46:00,-87.671172,41.767513,"street","street","170316715002023",NA,NA
"841",3687020,"Chicago","09A","murder and nonnegligent manslaughter","homicide offenses","persons",2010-11-02 05:30:00,-87.736192,41.995988,"residence","residence","170311203005016",NA,NA
"842",3688523,"Chicago","09A","murder and nonnegligent manslaughter","homicide offenses","persons",2010-11-03 16:34:00,-87.612967,41.822367,"street","street","170313802001003",NA,NA
"843",3689429,"Chicago","09A","murder and nonnegligent manslaughter","homicide offenses","persons",2010-11-04 14:01:00,-87.607974,41.830799,"private vehicle","vehicle","170318365001005",NA,NA
"844",3690575,"Chicago","09A","murder and nonnegligent manslaughter","homicide offenses","persons",2010-11-05 18:26:00,-87.643202,41.76658,"street","street","170316812003022",NA,NA
"845",3691168,"Chicago","09A","murder and nonnegligent manslaughter","homicide offenses","persons",2010-11-06 10:35:00,-87.70273,41.849402,"street","street","170313009003002",NA,NA
"846",3692925,"Chicago","09A","murder and nonnegligent manslaughter","homicide offenses","persons",2010-11-08 07:50:00,-87.574822,41.767993,"private vehicle","vehicle","170314301012005",NA,NA
"847",3693412,"Chicago","09A","murder and nonnegligent manslaughter","homicide offenses","persons",2010-11-08 16:20:00,-87.648775,41.803357,"private vehicle","vehicle","170316122003018",NA,NA
"848",3695062,"Chicago","09A","murder and nonnegligent manslaughter","homicide offenses","persons",2010-11-10 05:12:00,-87.756894,41.887283,"residence","residence","170312519002001",NA,NA
"849",3695910,"Chicago","09A","murder and nonnegligent manslaughter","homicide offenses","persons",2010-11-10 21:11:00,-87.72378,41.899947,"street","street","170312312004014",NA,NA
"850",3695952,"Chicago","09A","murder and nonnegligent manslaughter","homicide offenses","persons",2010-11-10 22:10:00,-87.708527,41.912949,"residence","residence","170312302001002",NA,NA
"851",3696575,"Chicago","09A","murder and nonnegligent manslaughter","homicide offenses","persons",2010-11-11 15:37:00,-87.565369,41.763584,"residence","residence","170314307002007",NA,NA
"852",3697241,"Chicago","09A","murder and nonnegligent manslaughter","homicide offenses","persons",2010-11-12 07:28:00,-87.773305,41.924452,"other open space","open space","170311906023016",NA,NA
"853",3697477,"Chicago","09A","murder and nonnegligent manslaughter","homicide offenses","persons",2010-11-12 12:35:00,-87.612155,41.692532,"street","street","170314914001003",NA,NA
"854",3698281,"Chicago","09A","murder and nonnegligent manslaughter","homicide offenses","persons",2010-11-13 03:35:00,-87.756005,41.919103,"residence","residence","170311912001021",NA,NA
"855",3698803,"Chicago","09A","murder and nonnegligent manslaughter","homicide offenses","persons",2010-11-13 18:00:00,-87.674561,41.766614,"private vehicle","vehicle","170316715002008",NA,NA
"856",3698804,"Chicago","09A","murder and nonnegligent manslaughter","homicide offenses","persons",2010-11-13 18:00:00,-87.674561,41.766614,"private vehicle","vehicle","170316715002008",NA,NA
"857",3699476,"Chicago","09A","murder and nonnegligent manslaughter","homicide offenses","persons",2010-11-14 13:03:00,-87.622539,41.797479,"other open space","open space","170314003001011",NA,NA
"858",3706445,"Chicago","09A","murder and nonnegligent manslaughter","homicide offenses","persons",2010-11-21 17:45:00,-87.687763,41.775555,"street","street","170316606002007",NA,NA
"859",3707403,"Chicago","09A","murder and nonnegligent manslaughter","homicide offenses","persons",2010-11-22 17:30:00,-87.695966,41.737977,"private vehicle","vehicle","170317005022018",NA,NA
"860",3707409,"Chicago","09A","murder and nonnegligent manslaughter","homicide offenses","persons",2010-11-22 17:55:00,-87.716252,41.852793,"street","street","170318447002009",NA,NA
"861",3707750,"Chicago","09A","murder and nonnegligent manslaughter","homicide offenses","persons",2010-11-23 05:55:00,-87.761351,41.931893,"residence","residence","170311903004016",NA,NA
"862",3709046,"Chicago","09A","murder and nonnegligent manslaughter","homicide offenses","persons",2010-11-24 14:10:00,-87.766476,41.879817,"street","street","170312521011000",NA,NA
"863",3709957,"Chicago","09A","murder and nonnegligent manslaughter","homicide offenses","persons",2010-11-25 16:10:00,-87.672841,41.804887,"street","street","170316114002001",NA,NA
"864",3710029,"Chicago","09A","murder and nonnegligent manslaughter","homicide offenses","persons",2010-11-25 19:20:00,-87.652424,41.947276,"residence","residence","170318320001003",NA,NA
"865",3710586,"Chicago","09A","murder and nonnegligent manslaughter","homicide offenses","persons",2010-11-26 13:34:00,-87.557669,41.747385,"street","street","170314603024005",NA,NA
"866",3710587,"Chicago","09A","murder and nonnegligent manslaughter","homicide offenses","persons",2010-11-26 13:34:00,-87.557669,41.747385,"street","street","170314603024005",NA,NA
"867",3711533,"Chicago","09A","murder and nonnegligent manslaughter","homicide offenses","persons",2010-11-27 16:01:00,-87.705847,41.916516,"street","street","170312226001004",NA,NA
"868",3712382,"Chicago","09A","murder and nonnegligent manslaughter","homicide offenses","persons",2010-11-28 15:11:00,-87.689735,41.764592,"street","street","170316609003029",NA,NA
"869",3712912,"Chicago","09A","murder and nonnegligent manslaughter","homicide offenses","persons",2010-11-29 07:16:00,-87.673118,41.779328,"private vehicle","vehicle","170316706002018",NA,NA
"870",3713737,"Chicago","09A","murder and nonnegligent manslaughter","homicide offenses","persons",2010-11-30 00:51:00,-87.677503,41.691516,"residence","residence","170317505001002",NA,NA
"871",3713738,"Chicago","09A","murder and nonnegligent manslaughter","homicide offenses","persons",2010-11-30 00:55:00,-87.677503,41.691516,"residence","residence","170317505001002",NA,NA
"872",3713739,"Chicago","09A","murder and nonnegligent manslaughter","homicide offenses","persons",2010-11-30 00:55:00,-87.677503,41.691516,"residence","residence","170317505001002",NA,NA
"873",3713789,"Chicago","09A","murder and nonnegligent manslaughter","homicide offenses","persons",2010-11-30 04:27:00,-87.576945,41.764832,"residence","residence","170314305001003",NA,NA
"874",3715594,"Chicago","09A","murder and nonnegligent manslaughter","homicide offenses","persons",2010-12-02 01:34:00,-87.664525,41.79166,"street","street","170316703001000",NA,NA
"875",3715932,"Chicago","09A","murder and nonnegligent manslaughter","homicide offenses","persons",2010-12-02 12:30:00,-87.65681,41.729775,"residence","residence","170317302013011",NA,NA
"876",3716384,"Chicago","09A","murder and nonnegligent manslaughter","homicide offenses","persons",2010-12-02 21:25:00,-87.669789,41.792149,"street","street","170316704001009",NA,NA
"877",3718424,"Chicago","09A","murder and nonnegligent manslaughter","homicide offenses","persons",2010-12-05 03:00:00,-87.658873,41.807857,"street","street","170316122001007",NA,NA
"878",3719760,"Chicago","09A","murder and nonnegligent manslaughter","homicide offenses","persons",2010-12-06 21:43:00,-87.713907,41.896461,"street","street","170312311001014",NA,NA
"879",3719950,"Chicago","09A","murder and nonnegligent manslaughter","homicide offenses","persons",2010-12-07 07:35:00,-87.620542,41.70489,"abandoned","other","170314909022011",NA,NA
"880",3721741,"Chicago","09A","murder and nonnegligent manslaughter","homicide offenses","persons",2010-12-09 10:34:00,-87.613083,41.774302,"residence","residence","170314207003004",NA,NA
"881",3723990,"Chicago","09A","murder and nonnegligent manslaughter","homicide offenses","persons",2010-12-11 20:10:00,-87.666785,41.738706,"residence","residence","170317112002004",NA,NA
"882",3724022,"Chicago","09A","murder and nonnegligent manslaughter","homicide offenses","persons",2010-12-11 21:00:00,-87.729567,41.850575,"private vehicle","vehicle","170318434001030",NA,NA
"883",3724115,"Chicago","09A","murder and nonnegligent manslaughter","homicide offenses","persons",2010-12-11 23:30:00,-87.666225,41.764129,"street","street","170316720001014",NA,NA
"884",3724849,"Chicago","09A","murder and nonnegligent manslaughter","homicide offenses","persons",2010-12-13 02:02:00,-87.674178,41.78965,"residence","residence","170316704001022",NA,NA
"885",3725432,"Chicago","09A","murder and nonnegligent manslaughter","homicide offenses","persons",2010-12-13 21:12:00,-87.614463,41.688455,"street","street","170314914003008",NA,NA
"886",3727851,"Chicago","09A","murder and nonnegligent manslaughter","homicide offenses","persons",2010-12-16 18:00:00,-87.622719,41.80476,"residence","residence","170313818001008",NA,NA
"887",3728131,"Chicago","09A","murder and nonnegligent manslaughter","homicide offenses","persons",2010-12-17 00:25:00,-87.721628,41.872586,"residence","residence","170312609001002",NA,NA
"888",3730365,"Chicago","09A","murder and nonnegligent manslaughter","homicide offenses","persons",2010-12-19 18:56:00,-87.724932,41.897793,"street","street","170312312005011",NA,NA
"889",3731231,"Chicago","09A","murder and nonnegligent manslaughter","homicide offenses","persons",2010-12-20 19:00:00,-87.603025,41.658692,"street","street","170315401022003",NA,NA
"890",3731295,"Chicago","09A","murder and nonnegligent manslaughter","homicide offenses","persons",2010-12-20 20:47:00,-87.718901,41.860211,"private vehicle","vehicle","170318387001029",NA,NA
"891",3735735,"Chicago","09A","murder and nonnegligent manslaughter","homicide offenses","persons",2010-12-26 22:00:00,-87.660405,41.727999,"residence","residence","170317302014015",NA,NA
"892",3735798,"Chicago","09A","murder and nonnegligent manslaughter","homicide offenses","persons",2010-12-27 00:25:00,-87.694905,41.789517,"other open space","open space","170316308003002",NA,NA
"893",3736929,"Chicago","09A","murder and nonnegligent manslaughter","homicide offenses","persons",2010-12-28 16:41:00,-87.698355,41.782212,"private vehicle","vehicle","170316603024008",NA,NA
"894",3737923,"Chicago","09A","murder and nonnegligent manslaughter","homicide offenses","persons",2010-12-29 20:25:00,-87.562161,41.712809,"residence","residence","170315102003007",NA,NA
"895",3738849,"Chicago","09A","murder and nonnegligent manslaughter","homicide offenses","persons",2010-12-30 22:14:00,-87.654552,41.843288,"other open space","open space","170316006002011",NA,NA
"896",3738870,"Chicago","09A","murder and nonnegligent manslaughter","homicide offenses","persons",2010-12-30 22:35:00,-87.776271,41.931135,"private vehicle","vehicle","170311904012031",NA,NA
"897",6739431,"Chicago","09A","murder and nonnegligent manslaughter","homicide offenses","persons",2022-02-04 02:15:00,-87.666167,41.750324,"other retail","retail","170317104002013",NA,NA
"898",6776953,"Chicago","09A","murder and nonnegligent manslaughter","homicide offenses","persons",2022-04-11 18:46:00,-87.644232,41.81895,"street","street","170318426001027",NA,NA
"899",6787989,"Chicago","09A","murder and nonnegligent manslaughter","homicide offenses","persons",2022-04-30 16:34:00,-87.594156,41.809671,"vehicle parking","open space","170313906001000",NA,NA
"900",6791111,"Chicago","09A","murder and nonnegligent manslaughter","homicide offenses","persons",2022-05-05 20:59:00,-87.645373,41.755183,"street","street","170317102001006",NA,NA
"901",6796724,"Chicago","09A","murder and nonnegligent manslaughter","homicide offenses","persons",2022-05-14 20:12:00,-87.624375,41.882389,"green space","open space","170313201022013",NA,NA
"902",6829085,"Chicago","09A","murder and nonnegligent manslaughter","homicide offenses","persons",2022-07-01 23:17:00,-87.632007,41.85268,"street","street","170318411004005",NA,NA
"903",6829980,"Chicago","09A","murder and nonnegligent manslaughter","homicide offenses","persons",2022-07-03 03:21:00,-87.705924,41.79067,"private vehicle","vehicle","170316309001015",NA,NA
"904",6873730,"Chicago","09A","murder and nonnegligent manslaughter","homicide offenses","persons",2022-09-04 05:25:00,-87.663051,41.88477,"street","street","170318330002053",NA,NA
"905",7013824,"Detroit","09A","murder and nonnegligent manslaughter","homicide offenses","persons",2009-01-01 01:00:00,-83.0336,42.3379,NA,NA,"261635170001005",NA,NA
"906",7013999,"Detroit","09A","murder and nonnegligent manslaughter","homicide offenses","persons",2009-01-01 12:00:00,-82.9936,42.3523,NA,NA,"261635154002014",NA,NA
"907",7014017,"Detroit","09A","murder and nonnegligent manslaughter","homicide offenses","persons",2009-01-01 12:00:00,-82.9943,42.3685,NA,NA,"261635156002006",NA,NA
"908",7014076,"Detroit","09A","murder and nonnegligent manslaughter","homicide offenses","persons",2009-01-01 15:00:00,-83.1728,42.3764,NA,NA,"261635352001011",NA,NA
"909",7014139,"Detroit","09A","murder and nonnegligent manslaughter","homicide offenses","persons",2009-01-01 19:00:00,-83.0129,42.4328,NA,NA,"261635049004001",NA,NA
"910",7014348,"Detroit","09A","murder and nonnegligent manslaughter","homicide offenses","persons",2009-01-02 13:00:00,-83.2841,42.4305,NA,NA,"261635418001009",NA,NA
"911",7015320,"Detroit","09A","murder and nonnegligent manslaughter","homicide offenses","persons",2009-01-05 12:00:00,-83.1584,42.369,NA,NA,"261635344002010",NA,NA
"912",7015769,"Detroit","09A","murder and nonnegligent manslaughter","homicide offenses","persons",2009-01-06 17:00:00,-83.1461,42.4418,NA,NA,"261635390001011",NA,NA
"913",7016298,"Detroit","09A","murder and nonnegligent manslaughter","homicide offenses","persons",2009-01-08 10:00:00,-83.2515,42.3842,NA,NA,"261635439001006",NA,NA
"914",7016332,"Detroit","09A","murder and nonnegligent manslaughter","homicide offenses","persons",2009-01-08 13:00:00,-83.2514,42.384,NA,NA,"261635439001006",NA,NA
"915",7016460,"Detroit","09A","murder and nonnegligent manslaughter","homicide offenses","persons",2009-01-08 20:00:00,-82.9871,42.4271,NA,NA,"261635036001003",NA,NA
"916",7016486,"Detroit","09A","murder and nonnegligent manslaughter","homicide offenses","persons",2009-01-08 21:00:00,-82.9526,42.4382,NA,NA,"261635001003007",NA,NA
"917",7017181,"Detroit","09A","murder and nonnegligent manslaughter","homicide offenses","persons",2009-01-11 02:00:00,-83.2444,42.3717,NA,NA,"261635465002002",NA,NA
"918",7017279,"Detroit","09A","murder and nonnegligent manslaughter","homicide offenses","persons",2009-01-11 14:00:00,-83.0845,42.3903,NA,NA,"261635114002005",NA,NA
"919",7017375,"Detroit","09A","murder and nonnegligent manslaughter","homicide offenses","persons",2009-01-11 20:00:00,-83.218,42.3585,NA,NA,"261635467002013",NA,NA
"920",7018295,"Detroit","09A","murder and nonnegligent manslaughter","homicide offenses","persons",2009-01-14 16:00:00,-83.0432,42.4336,NA,NA,"261635066004011",NA,NA
"921",7019048,"Detroit","09A","murder and nonnegligent manslaughter","homicide offenses","persons",2009-01-17,-83.1595,42.3911,NA,NA,"261635366001009",NA,NA
"922",7019049,"Detroit","09A","murder and nonnegligent manslaughter","homicide offenses","persons",2009-01-17,-83.1593,42.3914,NA,NA,"261635366001009",NA,NA
"923",7019050,"Detroit","09A","murder and nonnegligent manslaughter","homicide offenses","persons",2009-01-17,-83.1594,42.3912,NA,NA,"261635366001009",NA,NA
"924",7019119,"Detroit","09A","murder and nonnegligent manslaughter","homicide offenses","persons",2009-01-17 08:00:00,-83.221,42.4155,NA,NA,"261635431002002",NA,NA
"925",7019140,"Detroit","09A","murder and nonnegligent manslaughter","homicide offenses","persons",2009-01-17 11:00:00,-83.1157,42.4386,NA,NA,"261635080002010",NA,NA
"926",7019251,"Detroit","09A","murder and nonnegligent manslaughter","homicide offenses","persons",2009-01-17 19:00:00,-83.1377,42.3468,NA,NA,"261635265003006",NA,NA
"927",7019252,"Detroit","09A","murder and nonnegligent manslaughter","homicide offenses","persons",2009-01-17 19:00:00,-83.1376,42.3467,NA,NA,"261635265003006",NA,NA
"928",7019710,"Detroit","09A","murder and nonnegligent manslaughter","homicide offenses","persons",2009-01-19 16:00:00,-83.0909,42.3658,NA,NA,"261635326002011",NA,NA
"929",7019762,"Detroit","09A","murder and nonnegligent manslaughter","homicide offenses","persons",2009-01-19 18:00:00,-83.2179,42.3521,NA,NA,"261635460001015",NA,NA
"930",7019870,"Detroit","09A","murder and nonnegligent manslaughter","homicide offenses","persons",2009-01-20 09:00:00,-83.1015,42.3687,NA,NA,"261635331002006",NA,NA
"931",7020065,"Detroit","09A","murder and nonnegligent manslaughter","homicide offenses","persons",2009-01-20 22:00:00,-83.2123,42.3781,NA,NA,"261635451003028",NA,NA
"932",7020113,"Detroit","09A","murder and nonnegligent manslaughter","homicide offenses","persons",2009-01-21 02:00:00,-83.1568,42.3868,NA,NA,"261635366004006",NA,NA
"933",7020436,"Detroit","09A","murder and nonnegligent manslaughter","homicide offenses","persons",2009-01-21 22:00:00,-83.284,42.4324,NA,NA,"261635418001009",NA,NA
"934",7020754,"Detroit","09A","murder and nonnegligent manslaughter","homicide offenses","persons",2009-01-22 20:00:00,-83.1365,42.3749,NA,NA,"261635308002003",NA,NA
"935",7021473,"Detroit","09A","murder and nonnegligent manslaughter","homicide offenses","persons",2009-01-25 01:00:00,-83.0378,42.4287,NA,NA,"261635063002008",NA,NA
"936",7022068,"Detroit","09A","murder and nonnegligent manslaughter","homicide offenses","persons",2009-01-27 01:00:00,-83.2415,42.3762,NA,NA,"261635464002001",NA,NA
"937",7022069,"Detroit","09A","murder and nonnegligent manslaughter","homicide offenses","persons",2009-01-27 01:00:00,-83.2416,42.3765,NA,NA,"261635464001003",NA,NA
"938",7022158,"Detroit","09A","murder and nonnegligent manslaughter","homicide offenses","persons",2009-01-27 10:00:00,-83.0516,42.426,NA,NA,"261635064003001",NA,NA
"939",7022159,"Detroit","09A","murder and nonnegligent manslaughter","homicide offenses","persons",2009-01-27 10:00:00,-83.0519,42.4259,NA,NA,"261635064003001",NA,NA
"940",7022180,"Detroit","09A","murder and nonnegligent manslaughter","homicide offenses","persons",2009-01-27 11:00:00,-83.126,42.3675,NA,NA,"261635309002007",NA,NA
"941",7022479,"Detroit","09A","murder and nonnegligent manslaughter","homicide offenses","persons",2009-01-28 11:00:00,-83.1772,42.3536,NA,NA,"261635356001014",NA,NA
"942",7022775,"Detroit","09A","murder and nonnegligent manslaughter","homicide offenses","persons",2009-01-29 12:00:00,-83.0879,42.4186,NA,NA,"261635073003040",NA,NA
"943",7023856,"Detroit","09A","murder and nonnegligent manslaughter","homicide offenses","persons",2009-02-02 01:00:00,-83.1304,42.3564,NA,NA,"261635337001003",NA,NA
"944",7023857,"Detroit","09A","murder and nonnegligent manslaughter","homicide offenses","persons",2009-02-02 01:00:00,-83.1304,42.3564,NA,NA,"261635337001003",NA,NA
"945",7024369,"Detroit","09A","murder and nonnegligent manslaughter","homicide offenses","persons",2009-02-03 16:00:00,-83.1281,42.3026,NA,NA,"261635243003001",NA,NA
"946",7024444,"Detroit","09A","murder and nonnegligent manslaughter","homicide offenses","persons",2009-02-03 20:00:00,-83.0231,42.4292,NA,NA,"261635051005003",NA,NA
"947",7024635,"Detroit","09A","murder and nonnegligent manslaughter","homicide offenses","persons",2009-02-04 14:00:00,-83.2275,42.4275,NA,NA,"261635405004009",NA,NA
"948",7024637,"Detroit","09A","murder and nonnegligent manslaughter","homicide offenses","persons",2009-02-04 14:00:00,-83.2275,42.4273,NA,NA,"261635405004010",NA,NA
"949",7024675,"Detroit","09A","murder and nonnegligent manslaughter","homicide offenses","persons",2009-02-04 16:00:00,-83.2135,42.4301,NA,NA,"261635403005005",NA,NA
"950",7025254,"Detroit","09A","murder and nonnegligent manslaughter","homicide offenses","persons",2009-02-06 15:00:00,-83.1888,42.3583,NA,NA,"261635355002006",NA,NA
"951",7025314,"Detroit","09A","murder and nonnegligent manslaughter","homicide offenses","persons",2009-02-06 19:00:00,-83.2068,42.4435,NA,NA,"261635401001017",NA,NA
"952",7026060,"Detroit","09A","murder and nonnegligent manslaughter","homicide offenses","persons",2009-02-09 09:00:00,-83.0234,42.3554,NA,NA,"261635168001002",NA,NA
"953",7026235,"Detroit","09A","murder and nonnegligent manslaughter","homicide offenses","persons",2009-02-09 19:00:00,-83.2219,42.3299,NA,NA,"261635457002029",NA,NA
"954",7027482,"Detroit","09A","murder and nonnegligent manslaughter","homicide offenses","persons",2009-02-13 14:00:00,-83.115,42.3546,NA,NA,"261635272001008",NA,NA
"955",7027555,"Detroit","09A","murder and nonnegligent manslaughter","homicide offenses","persons",2009-02-13 18:00:00,-83.1133,42.4297,NA,NA,"261635079001005",NA,NA
"956",7028251,"Detroit","09A","murder and nonnegligent manslaughter","homicide offenses","persons",2009-02-16 05:00:00,-83.1482,42.3724,NA,NA,"261635345002000",NA,NA
"957",7028770,"Detroit","09A","murder and nonnegligent manslaughter","homicide offenses","persons",2009-02-17 19:00:00,-82.9837,42.4253,NA,NA,"261635004004003",NA,NA
"958",7028858,"Detroit","09A","murder and nonnegligent manslaughter","homicide offenses","persons",2009-02-18,-83.1936,42.3983,NA,NA,"261635377002009",NA,NA
"959",7029245,"Detroit","09A","murder and nonnegligent manslaughter","homicide offenses","persons",2009-02-19 03:00:00,-83.1224,42.3912,NA,NA,"261635315001000",NA,NA
"960",7029246,"Detroit","09A","murder and nonnegligent manslaughter","homicide offenses","persons",2009-02-19 03:00:00,-83.1222,42.3911,NA,NA,"261635315001000",NA,NA
"961",7029256,"Detroit","09A","murder and nonnegligent manslaughter","homicide offenses","persons",2009-02-19 03:00:00,-83.1604,42.3726,NA,NA,"261635343002014",NA,NA
"962",7029257,"Detroit","09A","murder and nonnegligent manslaughter","homicide offenses","persons",2009-02-19 03:00:00,-83.1605,42.3728,NA,NA,"261635343002013",NA,NA
"963",7031532,"Detroit","09A","murder and nonnegligent manslaughter","homicide offenses","persons",2009-02-26 17:00:00,-83.0708,42.425,NA,NA,"261635071004013",NA,NA
"964",7031669,"Detroit","09A","murder and nonnegligent manslaughter","homicide offenses","persons",2009-02-27 01:00:00,-83.0771,42.3748,NA,NA,"261635339001002",NA,NA
"965",7032309,"Detroit","09A","murder and nonnegligent manslaughter","homicide offenses","persons",2009-02-28 23:00:00,-83.2818,42.4283,NA,NA,"261635413002004",NA,NA
"966",7032576,"Detroit","09A","murder and nonnegligent manslaughter","homicide offenses","persons",2009-03-01 21:00:00,-83.1104,42.312,NA,NA,"261635238002005",NA,NA
"967",7033311,"Detroit","09A","murder and nonnegligent manslaughter","homicide offenses","persons",2009-03-04 01:00:00,-83.1398,42.3649,NA,NA,"261635345001013",NA,NA
"968",7033453,"Detroit","09A","murder and nonnegligent manslaughter","homicide offenses","persons",2009-03-04 14:00:00,-83.0256,42.4292,NA,NA,"261635063001009",NA,NA
"969",7033910,"Detroit","09A","murder and nonnegligent manslaughter","homicide offenses","persons",2009-03-05 22:00:00,-83.0446,42.4119,NA,NA,"261635113001018",NA,NA
"970",7034124,"Detroit","09A","murder and nonnegligent manslaughter","homicide offenses","persons",2009-03-06 15:00:00,-83.0559,42.3552,NA,NA,"261635175001005",NA,NA
"971",7034364,"Detroit","09A","murder and nonnegligent manslaughter","homicide offenses","persons",2009-03-07 06:00:00,-83.1897,42.3709,NA,NA,"261635353002001",NA,NA
"972",7034979,"Detroit","09A","murder and nonnegligent manslaughter","homicide offenses","persons",2009-03-09 09:00:00,-83.0253,42.3913,NA,NA,"261635110001003",NA,NA
"973",7035092,"Detroit","09A","murder and nonnegligent manslaughter","homicide offenses","persons",2009-03-09 15:00:00,-83.0534,42.4336,NA,NA,"261635066002016",NA,NA
"974",7035093,"Detroit","09A","murder and nonnegligent manslaughter","homicide offenses","persons",2009-03-09 15:00:00,-83.0535,42.4335,NA,NA,"261635066002016",NA,NA
"975",7035111,"Detroit","09A","murder and nonnegligent manslaughter","homicide offenses","persons",2009-03-09 16:00:00,-83.0255,42.3537,NA,NA,"261635168001012",NA,NA
"976",7035130,"Detroit","09A","murder and nonnegligent manslaughter","homicide offenses","persons",2009-03-09 18:00:00,-83.138,42.33,NA,NA,"261635260002002",NA,NA
"977",7035184,"Detroit","09A","murder and nonnegligent manslaughter","homicide offenses","persons",2009-03-09 21:00:00,-83.0525,42.3525,NA,NA,"261635175003002",NA,NA
"978",7035662,"Detroit","09A","murder and nonnegligent manslaughter","homicide offenses","persons",2009-03-11 10:00:00,-83.0275,42.3327,NA,NA,"261635172001000",NA,NA
"979",7036246,"Detroit","09B","negligent manslaughter","homicide offenses","persons",2009-03-13 02:00:00,-83.0507,42.3328,NA,NA,"261635207002010",NA,NA
"980",7036613,"Detroit","09A","murder and nonnegligent manslaughter","homicide offenses","persons",2009-03-14,-82.9452,42.3886,NA,NA,"261635020001017",NA,NA
"981",7036978,"Detroit","09A","murder and nonnegligent manslaughter","homicide offenses","persons",2009-03-15 01:00:00,-83.0718,42.42,NA,NA,"261635072002014",NA,NA
"982",7037336,"Detroit","09A","murder and nonnegligent manslaughter","homicide offenses","persons",2009-03-16,-83.206,42.381,NA,NA,"261635426004004",NA,NA
"983",7037631,"Detroit","09A","murder and nonnegligent manslaughter","homicide offenses","persons",2009-03-16 20:00:00,-83.0205,42.4174,NA,NA,"261635048002004",NA,NA
"984",7037632,"Detroit","09A","murder and nonnegligent manslaughter","homicide offenses","persons",2009-03-16 20:00:00,-83.0618,42.3511,NA,NA,"261635203001005",NA,NA
"985",7037677,"Detroit","09A","murder and nonnegligent manslaughter","homicide offenses","persons",2009-03-16 23:00:00,-83.25,42.435,NA,NA,"261635410002003",NA,NA
"986",7037846,"Detroit","09A","murder and nonnegligent manslaughter","homicide offenses","persons",2009-03-17 12:00:00,-82.9623,42.3853,NA,NA,"261635123002013",NA,NA
"987",7038048,"Detroit","09A","murder and nonnegligent manslaughter","homicide offenses","persons",2009-03-17 22:00:00,-83.0772,42.4185,NA,NA,"261635104003003",NA,NA
"988",7038082,"Detroit","09A","murder and nonnegligent manslaughter","homicide offenses","persons",2009-03-17 23:00:00,-83.2604,42.4153,NA,NA,"261635414001010",NA,NA
"989",7038493,"Detroit","09A","murder and nonnegligent manslaughter","homicide offenses","persons",2009-03-19,-83.0786,42.4462,NA,NA,"261635068002001",NA,NA
"990",7039451,"Detroit","09A","murder and nonnegligent manslaughter","homicide offenses","persons",2009-03-21 16:00:00,-83.2253,42.3633,NA,NA,"261635467005000",NA,NA
"991",7039980,"Detroit","09A","murder and nonnegligent manslaughter","homicide offenses","persons",2009-03-23 05:00:00,-83.1263,42.3092,NA,NA,"261635242001003",NA,NA
"992",7040017,"Detroit","09A","murder and nonnegligent manslaughter","homicide offenses","persons",2009-03-23 08:00:00,-83.1151,42.3927,NA,NA,"261635318003014",NA,NA
"993",7040018,"Detroit","09A","murder and nonnegligent manslaughter","homicide offenses","persons",2009-03-23 08:00:00,-83.1149,42.3928,NA,NA,"261635318003014",NA,NA
"994",7040275,"Detroit","09A","murder and nonnegligent manslaughter","homicide offenses","persons",2009-03-23 22:00:00,-82.9593,42.3919,NA,NA,"261635124003007",NA,NA
"995",7041086,"Detroit","09A","murder and nonnegligent manslaughter","homicide offenses","persons",2009-03-26 01:00:00,-82.9896,42.4169,NA,NA,"261635039002006",NA,NA
"996",7041095,"Detroit","09A","murder and nonnegligent manslaughter","homicide offenses","persons",2009-03-26 02:00:00,-83.1681,42.3618,NA,NA,"261635350003007",NA,NA
"997",7041096,"Detroit","09A","murder and nonnegligent manslaughter","homicide offenses","persons",2009-03-26 02:00:00,-83.1679,42.3618,NA,NA,"261635350003007",NA,NA
"998",7041490,"Detroit","09A","murder and nonnegligent manslaughter","homicide offenses","persons",2009-03-27 01:00:00,-82.9868,42.3988,NA,NA,"261635044002016",NA,NA
"999",7041791,"Detroit","09A","murder and nonnegligent manslaughter","homicide offenses","persons",2009-03-27 21:00:00,-83.1801,42.3641,NA,NA,"261635350002006",NA,NA
"1000",7042263,"Detroit","09A","murder and nonnegligent manslaughter","homicide offenses","persons",2009-03-29 07:00:00,-83.2135,42.3732,NA,NA,"261635451003024",NA,NA
"1001",7042264,"Detroit","09A","murder and nonnegligent manslaughter","homicide offenses","persons",2009-03-29 07:00:00,-83.2135,42.3731,NA,NA,"261635451003024",NA,NA
"1002",7042796,"Detroit","09A","murder and nonnegligent manslaughter","homicide offenses","persons",2009-03-30 19:00:00,-82.9674,42.4067,NA,NA,"261635042004000",NA,NA
"1003",7043341,"Detroit","09A","murder and nonnegligent manslaughter","homicide offenses","persons",2009-04-01 04:00:00,-83.2448,42.3631,NA,NA,"261635466002003",NA,NA
"1004",7043475,"Detroit","09A","murder and nonnegligent manslaughter","homicide offenses","persons",2009-04-01 12:00:00,-83.1977,42.4033,NA,NA,"261635375005004",NA,NA
"1005",7043695,"Detroit","09A","murder and nonnegligent manslaughter","homicide offenses","persons",2009-04-01 21:00:00,-83.1016,42.4378,NA,NA,"261635081001013",NA,NA
"1006",7043879,"Detroit","09A","murder and nonnegligent manslaughter","homicide offenses","persons",2009-04-02 11:00:00,-83.0071,42.3995,NA,NA,"261635055001014",NA,NA
"1007",7044162,"Detroit","09A","murder and nonnegligent manslaughter","homicide offenses","persons",2009-04-03 04:00:00,-83.239,42.3848,NA,NA,"261635437001012",NA,NA
"1008",7044431,"Detroit","09A","murder and nonnegligent manslaughter","homicide offenses","persons",2009-04-03 21:00:00,-83.205,42.3733,NA,NA,"261635451002008",NA,NA
"1009",7044436,"Detroit","09A","murder and nonnegligent manslaughter","homicide offenses","persons",2009-04-03 21:00:00,-83.2049,42.3732,NA,NA,"261635451002008",NA,NA
"1010",7044536,"Detroit","09A","murder and nonnegligent manslaughter","homicide offenses","persons",2009-04-04 02:00:00,-83.1698,42.3868,NA,NA,"261635372002001",NA,NA
"1011",7044593,"Detroit","09A","murder and nonnegligent manslaughter","homicide offenses","persons",2009-04-04 05:00:00,-83.2311,42.4345,NA,NA,"261635407004011",NA,NA
"1012",7044609,"Detroit","09A","murder and nonnegligent manslaughter","homicide offenses","persons",2009-04-04 06:00:00,-83.1279,42.4319,NA,NA,"261635382002022",NA,NA
"1013",7044826,"Detroit","09A","murder and nonnegligent manslaughter","homicide offenses","persons",2009-04-04 20:00:00,-83.2441,42.4251,NA,NA,"261635411002009",NA,NA
"1014",7044902,"Detroit","09A","murder and nonnegligent manslaughter","homicide offenses","persons",2009-04-04 23:00:00,-83.1967,42.3563,NA,NA,"261635355002013",NA,NA
"1015",7044908,"Detroit","09A","murder and nonnegligent manslaughter","homicide offenses","persons",2009-04-04 23:00:00,-83.1969,42.3565,NA,NA,"261635355002013",NA,NA
"1016",7044950,"Detroit","09A","murder and nonnegligent manslaughter","homicide offenses","persons",2009-04-05 01:00:00,-83.1037,42.3004,NA,NA,"261635250003043",NA,NA
"1017",7044953,"Detroit","09A","murder and nonnegligent manslaughter","homicide offenses","persons",2009-04-05 01:00:00,-83.1048,42.3021,NA,NA,"261635250003036",NA,NA
"1018",7044957,"Detroit","09A","murder and nonnegligent manslaughter","homicide offenses","persons",2009-04-05 01:00:00,-83.1047,42.302,NA,NA,"261635250003036",NA,NA
"1019",7045467,"Detroit","09A","murder and nonnegligent manslaughter","homicide offenses","persons",2009-04-06 18:00:00,-83.2414,42.3644,NA,NA,"261635466002000",NA,NA
"1020",7045469,"Detroit","09A","murder and nonnegligent manslaughter","homicide offenses","persons",2009-04-06 18:00:00,-83.2378,42.3701,NA,NA,"261635465001001",NA,NA
"1021",7045720,"Detroit","09A","murder and nonnegligent manslaughter","homicide offenses","persons",2009-04-07 13:00:00,-82.9989,42.3877,NA,NA,"261635143002013",NA,NA
"1022",7045768,"Detroit","09A","murder and nonnegligent manslaughter","homicide offenses","persons",2009-04-07 16:00:00,-83.1169,42.3913,NA,NA,"261635318003016",NA,NA
"1023",7046253,"Detroit","09A","murder and nonnegligent manslaughter","homicide offenses","persons",2009-04-09,-82.9969,42.372,NA,NA,"261635145001010",NA,NA
"1024",7046296,"Detroit","09A","murder and nonnegligent manslaughter","homicide offenses","persons",2009-04-09 03:00:00,-82.9814,42.3994,NA,NA,"261635043001011",NA,NA
"1025",7046297,"Detroit","09A","murder and nonnegligent manslaughter","homicide offenses","persons",2009-04-09 03:00:00,-82.9814,42.3996,NA,NA,"261635043001011",NA,NA
"1026",7047059,"Detroit","09A","murder and nonnegligent manslaughter","homicide offenses","persons",2009-04-11 02:00:00,-83.1794,42.409,NA,NA,"261635370001008",NA,NA
"1027",7047090,"Detroit","09A","murder and nonnegligent manslaughter","homicide offenses","persons",2009-04-11 04:00:00,-82.9964,42.3892,NA,NA,"261635143002006",NA,NA
"1028",7048033,"Detroit","09A","murder and nonnegligent manslaughter","homicide offenses","persons",2009-04-13 23:00:00,-83.0819,42.3787,NA,NA,"261635324002001",NA,NA
"1029",7048075,"Detroit","09A","murder and nonnegligent manslaughter","homicide offenses","persons",2009-04-14 01:00:00,-82.9925,42.3823,NA,NA,"261635141002003",NA,NA
"1030",7048270,"Detroit","09A","murder and nonnegligent manslaughter","homicide offenses","persons",2009-04-14 15:00:00,-82.9914,42.3965,NA,NA,"261635055001031",NA,NA
"1031",7048384,"Detroit","09A","murder and nonnegligent manslaughter","homicide offenses","persons",2009-04-14 23:00:00,-83.0949,42.3317,NA,NA,"261635213001056",NA,NA
"1032",7048742,"Detroit","09A","murder and nonnegligent manslaughter","homicide offenses","persons",2009-04-15 21:00:00,-83.2387,42.4356,NA,NA,"261635407004008",NA,NA
"1033",7049164,"Detroit","09A","murder and nonnegligent manslaughter","homicide offenses","persons",2009-04-17 02:00:00,-83.1632,42.3651,NA,NA,"261635357001001",NA,NA
"1034",7049319,"Detroit","09A","murder and nonnegligent manslaughter","homicide offenses","persons",2009-04-17 14:00:00,-82.9915,42.4242,NA,NA,"261635054002006",NA,NA
"1035",7049997,"Detroit","09A","murder and nonnegligent manslaughter","homicide offenses","persons",2009-04-19 10:00:00,-82.9608,42.4058,NA,NA,"261635011003009",NA,NA
"1036",7050047,"Detroit","09A","murder and nonnegligent manslaughter","homicide offenses","persons",2009-04-19 13:00:00,-83.2382,42.3548,NA,NA,"261635461001004",NA,NA
"1037",7051445,"Detroit","09A","murder and nonnegligent manslaughter","homicide offenses","persons",2009-04-23 04:00:00,-83.2531,42.4003,NA,NA,"261635436002004",NA,NA
"1038",7051482,"Detroit","09A","murder and nonnegligent manslaughter","homicide offenses","persons",2009-04-23 08:00:00,-83.1427,42.3822,NA,NA,"261635365003010",NA,NA
"1039",7051600,"Detroit","09A","murder and nonnegligent manslaughter","homicide offenses","persons",2009-04-23 15:00:00,-83.0923,42.44,NA,NA,"261635075003016",NA,NA
"1040",7052411,"Detroit","09A","murder and nonnegligent manslaughter","homicide offenses","persons",2009-04-25 18:00:00,-83.2193,42.358,NA,NA,"261635467002012",NA,NA
"1041",7052428,"Detroit","09A","murder and nonnegligent manslaughter","homicide offenses","persons",2009-04-25 19:00:00,-83.1035,42.3862,NA,NA,"261635319002020",NA,NA
"1042",7052849,"Detroit","09A","murder and nonnegligent manslaughter","homicide offenses","persons",2009-04-27 02:00:00,-83.1385,42.3595,NA,NA,"261635345002026",NA,NA
"1043",7054926,"Detroit","09A","murder and nonnegligent manslaughter","homicide offenses","persons",2009-05-02 05:00:00,-83.2011,42.3679,NA,NA,"261635452001004",NA,NA
"1044",7055126,"Detroit","09A","murder and nonnegligent manslaughter","homicide offenses","persons",2009-05-02 19:00:00,-83.1282,42.3611,NA,NA,"261635335002010",NA,NA
"1045",7055132,"Detroit","09A","murder and nonnegligent manslaughter","homicide offenses","persons",2009-05-02 19:00:00,-83.097,42.3236,NA,NA,"261635231001037",NA,NA
"1046",7055418,"Detroit","09A","murder and nonnegligent manslaughter","homicide offenses","persons",2009-05-03 16:00:00,-83.0914,42.3177,NA,NA,"261635234001008",NA,NA
"1047",7055575,"Detroit","09A","murder and nonnegligent manslaughter","homicide offenses","persons",2009-05-04 02:00:00,-82.9503,42.3909,NA,NA,"261635124001011",NA,NA
"1048",7055802,"Detroit","09A","murder and nonnegligent manslaughter","homicide offenses","persons",2009-05-04 19:00:00,-83.0254,42.3887,NA,NA,"261635110001014",NA,NA
"1049",7055926,"Detroit","09A","murder and nonnegligent manslaughter","homicide offenses","persons",2009-05-05 04:00:00,-83.1594,42.271,NA,NA,"261635247004009",NA,NA
"1050",7055931,"Detroit","09A","murder and nonnegligent manslaughter","homicide offenses","persons",2009-05-05 04:00:00,-82.9586,42.4196,NA,NA,"261635010003010",NA,NA
"1051",7056487,"Detroit","09A","murder and nonnegligent manslaughter","homicide offenses","persons",2009-05-06 16:00:00,-83.1271,42.4028,NA,NA,"261635303001003",NA,NA
"1052",7057022,"Detroit","09A","murder and nonnegligent manslaughter","homicide offenses","persons",2009-05-08 04:00:00,-83.197,42.3556,NA,NA,"261635454001000",NA,NA
"1053",7057026,"Detroit","09A","murder and nonnegligent manslaughter","homicide offenses","persons",2009-05-08 04:00:00,-83.0962,42.4422,NA,NA,"261635081002009",NA,NA
"1054",7057254,"Detroit","09A","murder and nonnegligent manslaughter","homicide offenses","persons",2009-05-08 20:00:00,-82.9665,42.4353,NA,NA,"261635006005000",NA,NA
"1055",7057288,"Detroit","09A","murder and nonnegligent manslaughter","homicide offenses","persons",2009-05-08 21:00:00,-83.1234,42.3945,NA,NA,"261635316001016",NA,NA
"1056",7057320,"Detroit","09A","murder and nonnegligent manslaughter","homicide offenses","persons",2009-05-08 23:00:00,-83.0879,42.4406,NA,NA,"261635075002007",NA,NA
"1057",7057344,"Detroit","09A","murder and nonnegligent manslaughter","homicide offenses","persons",2009-05-09,-83.2328,42.4043,NA,NA,"261635429001008",NA,NA
"1058",7057995,"Detroit","09A","murder and nonnegligent manslaughter","homicide offenses","persons",2009-05-11 01:00:00,-83.2252,42.3431,NA,NA,"261635458005009",NA,NA
"1059",7058023,"Detroit","09B","negligent manslaughter","homicide offenses","persons",2009-05-11 02:00:00,-82.9644,42.4037,NA,NA,"261635121002000",NA,NA
"1060",7058580,"Detroit","09A","murder and nonnegligent manslaughter","homicide offenses","persons",2009-05-12 17:00:00,-83.0566,42.3244,NA,NA,"261635208001117",NA,NA
"1061",7058765,"Detroit","09A","murder and nonnegligent manslaughter","homicide offenses","persons",2009-05-13 02:00:00,-82.9571,42.4409,NA,NA,"261635003001012",NA,NA
"1062",7058842,"Detroit","09A","murder and nonnegligent manslaughter","homicide offenses","persons",2009-05-13 10:00:00,-82.953,42.4096,NA,NA,"261635012001029",NA,NA
"1063",7058884,"Detroit","09A","murder and nonnegligent manslaughter","homicide offenses","persons",2009-05-13 12:00:00,-82.9412,42.4224,NA,NA,"261635009001004",NA,NA
"1064",7059492,"Detroit","09A","murder and nonnegligent manslaughter","homicide offenses","persons",2009-05-14 23:00:00,-83.027,42.351,NA,NA,"261635167001002",NA,NA
"1065",7059969,"Detroit","09A","murder and nonnegligent manslaughter","homicide offenses","persons",2009-05-16 01:00:00,-83.1631,42.3894,NA,NA,"261635366001012",NA,NA
"1066",7060010,"Detroit","09A","murder and nonnegligent manslaughter","homicide offenses","persons",2009-05-16 03:00:00,-83.1574,42.3964,NA,NA,"261635364002007",NA,NA
"1067",7060065,"Detroit","09A","murder and nonnegligent manslaughter","homicide offenses","persons",2009-05-16 10:00:00,-82.9865,42.4406,NA,NA,"261635033001007",NA,NA
"1068",7060332,"Detroit","09A","murder and nonnegligent manslaughter","homicide offenses","persons",2009-05-17,-83.0844,42.3677,NA,NA,"261635326003004",NA,NA
"1069",7060346,"Detroit","09A","murder and nonnegligent manslaughter","homicide offenses","persons",2009-05-17 01:00:00,-83.12,42.3691,NA,NA,"261635334001000",NA,NA
"1070",7060390,"Detroit","09A","murder and nonnegligent manslaughter","homicide offenses","persons",2009-05-17 04:00:00,-83.034,42.3507,NA,NA,"261635189001056",NA,NA
"1071",7060396,"Detroit","09A","murder and nonnegligent manslaughter","homicide offenses","persons",2009-05-17 04:00:00,-83.0339,42.3508,NA,NA,"261635189001056",NA,NA
"1072",7061060,"Detroit","09A","murder and nonnegligent manslaughter","homicide offenses","persons",2009-05-18 23:00:00,-83.139,42.4424,NA,NA,"261635381001009",NA,NA
"1073",7061062,"Detroit","09A","murder and nonnegligent manslaughter","homicide offenses","persons",2009-05-18 23:00:00,-83.139,42.4428,NA,NA,"261635381001009",NA,NA
"1074",7061494,"Detroit","09A","murder and nonnegligent manslaughter","homicide offenses","persons",2009-05-20 01:00:00,-83.24,42.3739,NA,NA,"261635464001010",NA,NA
"1075",7061767,"Detroit","09A","murder and nonnegligent manslaughter","homicide offenses","persons",2009-05-20 18:00:00,-83.0025,42.3605,NA,NA,"261635152001002",NA,NA
"1076",7061854,"Detroit","09A","murder and nonnegligent manslaughter","homicide offenses","persons",2009-05-20 23:00:00,-83.1824,42.4222,NA,NA,"261635395002001",NA,NA
"1077",7061870,"Detroit","09A","murder and nonnegligent manslaughter","homicide offenses","persons",2009-05-21,-83.1059,42.4215,NA,NA,"261635079002003",NA,NA
"1078",7061874,"Detroit","09A","murder and nonnegligent manslaughter","homicide offenses","persons",2009-05-21,-83.1059,42.4218,NA,NA,"261635079002001",NA,NA
"1079",7062155,"Detroit","09A","murder and nonnegligent manslaughter","homicide offenses","persons",2009-05-21 19:00:00,-83.043,42.3731,NA,NA,"261635184001014",NA,NA
"1080",7062245,"Detroit","09A","murder and nonnegligent manslaughter","homicide offenses","persons",2009-05-22 01:00:00,-83.1483,42.2802,NA,NA,"261635247006021",NA,NA
"1081",7063038,"Detroit","09A","murder and nonnegligent manslaughter","homicide offenses","persons",2009-05-24 06:00:00,-83.1784,42.3845,NA,NA,"261635372002018",NA,NA
"1082",7063162,"Detroit","09A","murder and nonnegligent manslaughter","homicide offenses","persons",2009-05-24 16:00:00,-83.1232,42.3578,NA,NA,"261635336001005",NA,NA
"1083",7063594,"Detroit","09A","murder and nonnegligent manslaughter","homicide offenses","persons",2009-05-25 19:00:00,-83.0673,42.3801,NA,NA,"261635112001021",NA,NA
"1084",7064285,"Detroit","09A","murder and nonnegligent manslaughter","homicide offenses","persons",2009-05-27 13:00:00,-83.1465,42.3419,NA,NA,"261635262002003",NA,NA
"1085",7064286,"Detroit","09A","murder and nonnegligent manslaughter","homicide offenses","persons",2009-05-27 13:00:00,-83.1465,42.3417,NA,NA,"261635262002003",NA,NA
"1086",7064304,"Detroit","09A","murder and nonnegligent manslaughter","homicide offenses","persons",2009-05-27 14:00:00,-83.223,42.3301,NA,NA,"261635457002030",NA,NA
"1087",7064590,"Detroit","09A","murder and nonnegligent manslaughter","homicide offenses","persons",2009-05-28 06:00:00,-83.134,42.3598,NA,NA,"261635337002008",NA,NA
"1088",7064865,"Detroit","09A","murder and nonnegligent manslaughter","homicide offenses","persons",2009-05-28 23:00:00,-83.2767,42.4123,NA,NA,"261635443002007",NA,NA
"1089",7064962,"Detroit","09A","murder and nonnegligent manslaughter","homicide offenses","persons",2009-05-29 05:00:00,-83.2037,42.3407,NA,NA,"261635456002002",NA,NA
"1090",7065111,"Detroit","09A","murder and nonnegligent manslaughter","homicide offenses","persons",2009-05-29 16:00:00,-82.9749,42.4347,NA,NA,"261635006005003",NA,NA
"1091",7065189,"Detroit","09A","murder and nonnegligent manslaughter","homicide offenses","persons",2009-05-29 20:00:00,-83.2205,42.3333,NA,NA,"261635457002012",NA,NA
"1092",7065482,"Detroit","09B","negligent manslaughter","homicide offenses","persons",2009-05-30 16:00:00,-83.1001,42.3201,NA,NA,"261635233001002",NA,NA
"1093",7065752,"Detroit","09A","murder and nonnegligent manslaughter","homicide offenses","persons",2009-05-31 11:00:00,-83.0173,42.3949,NA,NA,"261635047003019",NA,NA
"1094",7065755,"Detroit","09A","murder and nonnegligent manslaughter","homicide offenses","persons",2009-05-31 11:00:00,-83.0175,42.3947,NA,NA,"261635047002015",NA,NA
"1095",7066390,"Detroit","09A","murder and nonnegligent manslaughter","homicide offenses","persons",2009-06-01 23:00:00,-83.1592,42.387,NA,NA,"261635366002000",NA,NA
"1096",7066440,"Detroit","09A","murder and nonnegligent manslaughter","homicide offenses","persons",2009-06-02 01:00:00,-83.0309,42.4395,NA,NA,"261635062002010",NA,NA
"1097",7066826,"Detroit","09B","negligent manslaughter","homicide offenses","persons",2009-06-02 23:00:00,-83.1389,42.3743,NA,NA,"261635308002004",NA,NA
"1098",7067065,"Detroit","09A","murder and nonnegligent manslaughter","homicide offenses","persons",2009-06-03 16:00:00,-83.1257,42.3863,NA,NA,"261635315004005",NA,NA
"1099",7067225,"Detroit","09B","negligent manslaughter","homicide offenses","persons",2009-06-04 01:00:00,-83.1388,42.3763,NA,NA,"261635308002000",NA,NA
"1100",7068048,"Detroit","09A","murder and nonnegligent manslaughter","homicide offenses","persons",2009-06-06 07:00:00,-83.2175,42.3481,NA,NA,"261635459002002",NA,NA
"1101",7068187,"Detroit","09A","murder and nonnegligent manslaughter","homicide offenses","persons",2009-06-06 18:00:00,-83.0986,42.4434,NA,NA,"261635081004012",NA,NA
"1102",7068363,"Detroit","09A","murder and nonnegligent manslaughter","homicide offenses","persons",2009-06-07 04:00:00,-83.0731,42.3929,NA,NA,"261635114001015",NA,NA
"1103",7068567,"Detroit","09B","negligent manslaughter","homicide offenses","persons",2009-06-07 17:00:00,-82.9836,42.4193,NA,NA,"261635039002004",NA,NA
"1104",7069010,"Detroit","09A","murder and nonnegligent manslaughter","homicide offenses","persons",2009-06-08 23:00:00,-83.2411,42.3821,NA,NA,"261635439002014",NA,NA
"1105",7069239,"Detroit","09A","murder and nonnegligent manslaughter","homicide offenses","persons",2009-06-09 17:00:00,-83.0284,42.4344,NA,NA,"261635062001012",NA,NA
"1106",7069754,"Detroit","09A","murder and nonnegligent manslaughter","homicide offenses","persons",2009-06-10 23:00:00,-83.1268,42.3682,NA,NA,"261635308004005",NA,NA
"1107",7070414,"Detroit","09A","murder and nonnegligent manslaughter","homicide offenses","persons",2009-06-12 20:00:00,-83.1372,42.336,NA,NA,"261635263001010",NA,NA
"1108",7070459,"Detroit","09A","murder and nonnegligent manslaughter","homicide offenses","persons",2009-06-12 22:00:00,-83.2127,42.4327,NA,NA,"261635402006003",NA,NA
"1109",7070486,"Detroit","09A","murder and nonnegligent manslaughter","homicide offenses","persons",2009-06-12 23:00:00,-83.1317,42.4177,NA,NA,"261635384004018",NA,NA
"1110",7070487,"Detroit","09A","murder and nonnegligent manslaughter","homicide offenses","persons",2009-06-12 23:00:00,-83.1317,42.4179,NA,NA,"261635384004018",NA,NA
"1111",7070488,"Detroit","09A","murder and nonnegligent manslaughter","homicide offenses","persons",2009-06-12 23:00:00,-83.1317,42.418,NA,NA,"261635384004018",NA,NA
"1112",7070489,"Detroit","09A","murder and nonnegligent manslaughter","homicide offenses","persons",2009-06-12 23:00:00,-83.1318,42.4177,NA,NA,"261635384004018",NA,NA
"1113",7070860,"Detroit","09A","murder and nonnegligent manslaughter","homicide offenses","persons",2009-06-13 23:00:00,-83.1392,42.3722,NA,NA,"261635341003011",NA,NA
"1114",7070865,"Detroit","09A","murder and nonnegligent manslaughter","homicide offenses","persons",2009-06-13 23:00:00,-83.1337,42.4099,NA,NA,"261635302005002",NA,NA
"1115",7071230,"Detroit","09A","murder and nonnegligent manslaughter","homicide offenses","persons",2009-06-15 01:00:00,-83.1279,42.3114,NA,NA,"261635241004003",NA,NA
"1116",7071313,"Detroit","09A","murder and nonnegligent manslaughter","homicide offenses","persons",2009-06-15 09:00:00,-83.091,42.3638,NA,NA,"261635330001025",NA,NA
"1117",7071680,"Detroit","09A","murder and nonnegligent manslaughter","homicide offenses","persons",2009-06-16 04:00:00,-82.962,42.3847,NA,NA,"261635123002012",NA,NA
"1118",7071850,"Detroit","09A","murder and nonnegligent manslaughter","homicide offenses","persons",2009-06-16 17:00:00,-83.1178,42.3751,NA,NA,"261635311002008",NA,NA
"1119",7071931,"Detroit","09B","negligent manslaughter","homicide offenses","persons",2009-06-16 21:00:00,-83.0137,42.3808,NA,NA,"261635159001036",NA,NA
"1120",7072033,"Detroit","09A","murder and nonnegligent manslaughter","homicide offenses","persons",2009-06-17 02:00:00,-83.2162,42.4397,NA,NA,"261635401004002",NA,NA
"1121",7072435,"Detroit","09A","murder and nonnegligent manslaughter","homicide offenses","persons",2009-06-18 01:00:00,-82.9451,42.399,NA,NA,"261635019004002",NA,NA
"1122",7073555,"Detroit","09A","murder and nonnegligent manslaughter","homicide offenses","persons",2009-06-20 23:00:00,-83.2123,42.3409,NA,NA,"261635456005000",NA,NA
"1123",7073671,"Detroit","09A","murder and nonnegligent manslaughter","homicide offenses","persons",2009-06-21 04:00:00,-83.0416,42.3311,NA,NA,"261635172001055",NA,NA
"1124",7073690,"Detroit","09A","murder and nonnegligent manslaughter","homicide offenses","persons",2009-06-21 05:00:00,-83.0145,42.4342,NA,NA,"261635050002010",NA,NA
"1125",7073981,"Detroit","09A","murder and nonnegligent manslaughter","homicide offenses","persons",2009-06-22 01:00:00,-83.0099,42.381,NA,NA,"261635142004002",NA,NA
"1126",7074031,"Detroit","09A","murder and nonnegligent manslaughter","homicide offenses","persons",2009-06-22 04:00:00,-82.9499,42.3998,NA,NA,"261635013002009",NA,NA
"1127",7074043,"Detroit","09A","murder and nonnegligent manslaughter","homicide offenses","persons",2009-06-22 06:00:00,-83.2351,42.3724,NA,NA,"261635468001007",NA,NA
"1128",7074266,"Detroit","09B","negligent manslaughter","homicide offenses","persons",2009-06-22 20:00:00,-82.982,42.4289,NA,NA,"261635035002008",NA,NA
"1129",7074301,"Detroit","09A","murder and nonnegligent manslaughter","homicide offenses","persons",2009-06-22 23:00:00,-82.9799,42.4255,NA,NA,"261635004004002",NA,NA
"1130",7074630,"Detroit","09A","murder and nonnegligent manslaughter","homicide offenses","persons",2009-06-23 19:00:00,-83.0771,42.4192,NA,NA,"261635072002010",NA,NA
"1131",7075119,"Detroit","09A","murder and nonnegligent manslaughter","homicide offenses","persons",2009-06-24 21:00:00,-82.9344,42.4161,NA,NA,"261635015005029",NA,NA
"1132",7075203,"Detroit","09A","murder and nonnegligent manslaughter","homicide offenses","persons",2009-06-25 01:00:00,-83.2309,42.3869,NA,NA,"261635437003012",NA,NA
"1133",7075216,"Detroit","09A","murder and nonnegligent manslaughter","homicide offenses","persons",2009-06-25 01:00:00,-83.1385,42.3432,NA,NA,"261635263002006",NA,NA
"1134",7075222,"Detroit","09A","murder and nonnegligent manslaughter","homicide offenses","persons",2009-06-25 02:00:00,-83.2308,42.3873,NA,NA,"261635428003008",NA,NA
"1135",7076334,"Detroit","09A","murder and nonnegligent manslaughter","homicide offenses","persons",2009-06-28 01:00:00,-83.1303,42.3563,NA,NA,"261635337001003",NA,NA
"1136",7076391,"Detroit","09A","murder and nonnegligent manslaughter","homicide offenses","persons",2009-06-28 04:00:00,-82.9712,42.3988,NA,NA,"261635121002019",NA,NA
"1137",7076469,"Detroit","09A","murder and nonnegligent manslaughter","homicide offenses","persons",2009-06-28 12:00:00,-82.9715,42.391,NA,NA,"261635122001008",NA,NA
"1138",7076490,"Detroit","09A","murder and nonnegligent manslaughter","homicide offenses","persons",2009-06-28 14:00:00,-83.0902,42.3126,NA,NA,"261635250002005",NA,NA
"1139",7076641,"Detroit","09A","murder and nonnegligent manslaughter","homicide offenses","persons",2009-06-28 23:00:00,-83.1406,42.3456,NA,NA,"261635265002013",NA,NA
"1140",7076693,"Detroit","09A","murder and nonnegligent manslaughter","homicide offenses","persons",2009-06-29,-83.1048,42.3656,NA,NA,"261635333001001",NA,NA
"1141",7076962,"Detroit","09A","murder and nonnegligent manslaughter","homicide offenses","persons",2009-06-29 16:00:00,-82.9887,42.4317,NA,NA,"261635035004006",NA,NA
"1142",7077526,"Detroit","09A","murder and nonnegligent manslaughter","homicide offenses","persons",2009-07-01 01:00:00,-83.1986,42.4011,NA,NA,"261635377003003",NA,NA
"1143",7077717,"Detroit","09A","murder and nonnegligent manslaughter","homicide offenses","persons",2009-07-01 13:00:00,-82.9691,42.4084,NA,NA,"261635042003000",NA,NA
"1144",7077825,"Detroit","09A","murder and nonnegligent manslaughter","homicide offenses","persons",2009-07-01 18:00:00,-83.1387,42.3365,NA,NA,"261635263003019",NA,NA
"1145",7078182,"Detroit","09A","murder and nonnegligent manslaughter","homicide offenses","persons",2009-07-02 17:00:00,-83.2814,42.4234,NA,NA,"261635413002022",NA,NA
"1146",7079198,"Detroit","09A","murder and nonnegligent manslaughter","homicide offenses","persons",2009-07-05 09:00:00,-83.0812,42.4194,NA,NA,"261635072001006",NA,NA
"1147",7079936,"Detroit","09A","murder and nonnegligent manslaughter","homicide offenses","persons",2009-07-07 09:00:00,-83.18,42.3856,NA,NA,"261635372002020",NA,NA
"1148",7080596,"Detroit","09A","murder and nonnegligent manslaughter","homicide offenses","persons",2009-07-09,-83.1427,42.3597,NA,NA,"261635345002021",NA,NA
"1149",7081094,"Detroit","09A","murder and nonnegligent manslaughter","homicide offenses","persons",2009-07-10 09:00:00,-83.1266,42.3285,NA,NA,"261635257003009",NA,NA
"1150",7081863,"Detroit","09A","murder and nonnegligent manslaughter","homicide offenses","persons",2009-07-12 09:00:00,-82.9326,42.3627,NA,NA,"261635132003010",NA,NA
"1151",7082250,"Detroit","09A","murder and nonnegligent manslaughter","homicide offenses","persons",2009-07-13 11:00:00,-82.9995,42.374,NA,NA,"261635145002011",NA,NA
"1152",7082324,"Detroit","09A","murder and nonnegligent manslaughter","homicide offenses","persons",2009-07-13 14:00:00,-83.0596,42.3587,NA,NA,"261635175001004",NA,NA
"1153",7083323,"Detroit","09A","murder and nonnegligent manslaughter","homicide offenses","persons",2009-07-16 01:00:00,-83.1633,42.3757,NA,NA,"261635343001018",NA,NA
"1154",7084463,"Detroit","09A","murder and nonnegligent manslaughter","homicide offenses","persons",2009-07-18 22:00:00,-83.007,42.4343,NA,NA,"261635049001001",NA,NA
"1155",7084520,"Detroit","09A","murder and nonnegligent manslaughter","homicide offenses","persons",2009-07-19 01:00:00,-82.9608,42.4478,NA,NA,"261635002001007",NA,NA
"1156",7084576,"Detroit","09A","murder and nonnegligent manslaughter","homicide offenses","persons",2009-07-19 03:00:00,-83.0999,42.3073,NA,NA,"261635250002025",NA,NA
"1157",7084879,"Detroit","09A","murder and nonnegligent manslaughter","homicide offenses","persons",2009-07-20,-83.0409,42.3749,NA,NA,"261635184001002",NA,NA
"1158",7084896,"Detroit","09A","murder and nonnegligent manslaughter","homicide offenses","persons",2009-07-20 01:00:00,-82.9713,42.4362,NA,NA,"261635003003005",NA,NA
"1159",7085296,"Detroit","09A","murder and nonnegligent manslaughter","homicide offenses","persons",2009-07-21,-83.2322,42.415,NA,NA,"261635431001004",NA,NA
"1160",7085297,"Detroit","09A","murder and nonnegligent manslaughter","homicide offenses","persons",2009-07-21,-83.232,42.4132,NA,NA,"261635431001018",NA,NA
"1161",7085611,"Detroit","09A","murder and nonnegligent manslaughter","homicide offenses","persons",2009-07-21 20:00:00,-83.1199,42.4058,NA,NA,"261635301001004",NA,NA
"1162",7085730,"Detroit","09A","murder and nonnegligent manslaughter","homicide offenses","persons",2009-07-22 01:00:00,-83.1296,42.314,NA,NA,"261635241002002",NA,NA
"1163",7085732,"Detroit","09A","murder and nonnegligent manslaughter","homicide offenses","persons",2009-07-22 01:00:00,-83.1295,42.3141,NA,NA,"261635241002002",NA,NA
"1164",7086508,"Detroit","09A","murder and nonnegligent manslaughter","homicide offenses","persons",2009-07-24 01:00:00,-83.0888,42.4407,NA,NA,"261635075002006",NA,NA
"1165",7086954,"Detroit","09A","murder and nonnegligent manslaughter","homicide offenses","persons",2009-07-25 03:00:00,-83.2171,42.3721,NA,NA,"261635469001037",NA,NA
"1166",7087409,"Detroit","09A","murder and nonnegligent manslaughter","homicide offenses","persons",2009-07-26 05:00:00,-83.1426,42.381,NA,NA,"261635341002000",NA,NA
"1167",7087495,"Detroit","09A","murder and nonnegligent manslaughter","homicide offenses","persons",2009-07-26 14:00:00,-82.9732,42.4392,NA,NA,"261635003003002",NA,NA
"1168",7088064,"Detroit","09A","murder and nonnegligent manslaughter","homicide offenses","persons",2009-07-27 21:00:00,-83.19,42.3979,NA,NA,"261635377002002",NA,NA
"1169",7088101,"Detroit","09A","murder and nonnegligent manslaughter","homicide offenses","persons",2009-07-27 23:00:00,-83.0467,42.3742,NA,NA,"261639851001081",NA,NA
"1170",7088183,"Detroit","09A","murder and nonnegligent manslaughter","homicide offenses","persons",2009-07-28 04:00:00,-83.1219,42.3919,NA,NA,"261635315001000",NA,NA
"1171",7088372,"Detroit","09B","negligent manslaughter","homicide offenses","persons",2009-07-28 17:00:00,-83.1091,42.3158,NA,NA,"261635232001006",NA,NA
"1172",7088374,"Detroit","09A","murder and nonnegligent manslaughter","homicide offenses","persons",2009-07-28 17:00:00,-83.109,42.3158,NA,NA,"261635232001006",NA,NA
"1173",7088658,"Detroit","09A","murder and nonnegligent manslaughter","homicide offenses","persons",2009-07-29 10:00:00,-83.0268,42.3515,NA,NA,"261635168001027",NA,NA
"1174",7088659,"Detroit","09A","murder and nonnegligent manslaughter","homicide offenses","persons",2009-07-29 10:00:00,-83.0265,42.3515,NA,NA,"261635167001002",NA,NA
"1175",7088966,"Detroit","09A","murder and nonnegligent manslaughter","homicide offenses","persons",2009-07-30 01:00:00,-83.0391,42.4359,NA,NA,"261635066004007",NA,NA
"1176",7089021,"Detroit","09A","murder and nonnegligent manslaughter","homicide offenses","persons",2009-07-30 06:00:00,-82.9718,42.3994,NA,NA,"261635122002001",NA,NA
"1177",7089022,"Detroit","09A","murder and nonnegligent manslaughter","homicide offenses","persons",2009-07-30 06:00:00,-82.9718,42.3994,NA,NA,"261635122002001",NA,NA
"1178",7089791,"Detroit","09A","murder and nonnegligent manslaughter","homicide offenses","persons",2009-08-01 01:00:00,-83.2336,42.3976,NA,NA,"261635434003012",NA,NA
"1179",7089841,"Detroit","09A","murder and nonnegligent manslaughter","homicide offenses","persons",2009-08-01 03:00:00,-82.9311,42.3999,NA,NA,"261635018001005",NA,NA
"1180",7089859,"Detroit","09A","murder and nonnegligent manslaughter","homicide offenses","persons",2009-08-01 04:00:00,-83.0517,42.4157,NA,NA,"261635113003023",NA,NA
"1181",7089911,"Detroit","09A","murder and nonnegligent manslaughter","homicide offenses","persons",2009-08-01 11:00:00,-82.9217,42.422,NA,NA,"261635015003001",NA,NA
"1182",7090076,"Detroit","09A","murder and nonnegligent manslaughter","homicide offenses","persons",2009-08-01 19:00:00,-82.9821,42.4244,NA,NA,"261635004004004",NA,NA
"1183",7090077,"Detroit","09A","murder and nonnegligent manslaughter","homicide offenses","persons",2009-08-01 19:00:00,-82.9818,42.4241,NA,NA,"261635004004004",NA,NA
"1184",7090549,"Detroit","09A","murder and nonnegligent manslaughter","homicide offenses","persons",2009-08-03 01:00:00,-82.9928,42.4201,NA,NA,"261635054003008",NA,NA
"1185",7090748,"Detroit","09A","murder and nonnegligent manslaughter","homicide offenses","persons",2009-08-03 15:00:00,-82.9526,42.4168,NA,NA,"261635010001011",NA,NA
"1186",7091334,"Detroit","09A","murder and nonnegligent manslaughter","homicide offenses","persons",2009-08-05 02:00:00,-83.0063,42.3707,NA,NA,"261635160002008",NA,NA
"1187",7091335,"Detroit","09A","murder and nonnegligent manslaughter","homicide offenses","persons",2009-08-05 02:00:00,-83.1547,42.3867,NA,NA,"261635366004004",NA,NA
"1188",7091754,"Detroit","09A","murder and nonnegligent manslaughter","homicide offenses","persons",2009-08-06 02:00:00,-83.2259,42.3847,NA,NA,"261635427001029",NA,NA
"1189",7092066,"Detroit","09A","murder and nonnegligent manslaughter","homicide offenses","persons",2009-08-06 23:00:00,-83.1061,42.3842,NA,NA,"261635313002005",NA,NA
"1190",7092734,"Detroit","09A","murder and nonnegligent manslaughter","homicide offenses","persons",2009-08-08 19:00:00,-82.9702,42.4391,NA,NA,"261635003003001",NA,NA
"1191",7093068,"Detroit","09A","murder and nonnegligent manslaughter","homicide offenses","persons",2009-08-09 17:00:00,-83.1333,42.3276,NA,NA,"261635257002007",NA,NA
"1192",7093662,"Detroit","09A","murder and nonnegligent manslaughter","homicide offenses","persons",2009-08-11 05:00:00,-83.1448,42.4104,NA,NA,"261635361004011",NA,NA
"1193",7093780,"Detroit","09A","murder and nonnegligent manslaughter","homicide offenses","persons",2009-08-11 14:00:00,-83.1993,42.3726,NA,NA,"261635451001008",NA,NA
"1194",7093869,"Detroit","09A","murder and nonnegligent manslaughter","homicide offenses","persons",2009-08-11 17:00:00,-83.235,42.3624,NA,NA,"261635467004003",NA,NA
"1195",7093967,"Detroit","09A","murder and nonnegligent manslaughter","homicide offenses","persons",2009-08-11 23:00:00,-83.0045,42.3651,NA,NA,"261635152002001",NA,NA
"1196",7093968,"Detroit","09A","murder and nonnegligent manslaughter","homicide offenses","persons",2009-08-11 23:00:00,-83.0045,42.3649,NA,NA,"261635152002019",NA,NA
"1197",7094274,"Detroit","09A","murder and nonnegligent manslaughter","homicide offenses","persons",2009-08-12 18:00:00,-82.9441,42.4234,NA,NA,"261635009002002",NA,NA
"1198",7094384,"Detroit","09A","murder and nonnegligent manslaughter","homicide offenses","persons",2009-08-13,-83.1017,42.345,NA,NA,"261635221002018",NA,NA
"1199",7094530,"Detroit","09A","murder and nonnegligent manslaughter","homicide offenses","persons",2009-08-13 12:00:00,-82.971,42.4363,NA,NA,"261635003003005",NA,NA
"1200",7095441,"Detroit","09A","murder and nonnegligent manslaughter","homicide offenses","persons",2009-08-15 16:00:00,-83.2095,42.4288,NA,NA,"261635403005001",NA,NA
"1201",7096258,"Detroit","09A","murder and nonnegligent manslaughter","homicide offenses","persons",2009-08-17 20:00:00,-83.0464,42.4154,NA,NA,"261635113001011",NA,NA
"1202",7096381,"Detroit","09A","murder and nonnegligent manslaughter","homicide offenses","persons",2009-08-18 01:00:00,-83.1342,42.4027,NA,NA,"261635303001007",NA,NA
"1203",7096595,"Detroit","09A","murder and nonnegligent manslaughter","homicide offenses","persons",2009-08-18 16:00:00,-83.1504,42.2734,NA,NA,"261635247001004",NA,NA
"1204",7096600,"Detroit","09A","murder and nonnegligent manslaughter","homicide offenses","persons",2009-08-18 16:00:00,-83.1503,42.2734,NA,NA,"261635247001004",NA,NA
"1205",7096880,"Detroit","09A","murder and nonnegligent manslaughter","homicide offenses","persons",2009-08-19 08:00:00,-83.0515,42.4159,NA,NA,"261635113003023",NA,NA
"1206",7097255,"Detroit","09A","murder and nonnegligent manslaughter","homicide offenses","persons",2009-08-20 02:00:00,-83.0884,42.3927,NA,NA,"261635322002001",NA,NA
"1207",7097267,"Detroit","09A","murder and nonnegligent manslaughter","homicide offenses","persons",2009-08-20 03:00:00,-83.1343,42.4053,NA,NA,"261635302005008",NA,NA
"1208",7097272,"Detroit","09A","murder and nonnegligent manslaughter","homicide offenses","persons",2009-08-20 03:00:00,-83.1346,42.4058,NA,NA,"261635302005004",NA,NA
"1209",7097728,"Detroit","09A","murder and nonnegligent manslaughter","homicide offenses","persons",2009-08-21 03:00:00,-83.1421,42.4451,NA,NA,"261635390001007",NA,NA
"1210",7098643,"Detroit","09A","murder and nonnegligent manslaughter","homicide offenses","persons",2009-08-23 13:00:00,-83.0562,42.4177,NA,NA,"261635113003005",NA,NA
"1211",7098905,"Detroit","09A","murder and nonnegligent manslaughter","homicide offenses","persons",2009-08-24 06:00:00,-83.2319,42.4145,NA,NA,"261635431001003",NA,NA
"1212",7098909,"Detroit","09A","murder and nonnegligent manslaughter","homicide offenses","persons",2009-08-24 06:00:00,-83.2317,42.4145,NA,NA,"261635431001002",NA,NA
"1213",7099117,"Detroit","09A","murder and nonnegligent manslaughter","homicide offenses","persons",2009-08-24 20:00:00,-83.1281,42.3548,NA,NA,"261635337001006",NA,NA
"1214",7099885,"Detroit","09A","murder and nonnegligent manslaughter","homicide offenses","persons",2009-08-26 19:00:00,-83.2129,42.3465,NA,NA,"261635455003009",NA,NA
"1215",7099886,"Detroit","09A","murder and nonnegligent manslaughter","homicide offenses","persons",2009-08-26 19:00:00,-83.2128,42.3466,NA,NA,"261635455003009",NA,NA
"1216",7100062,"Detroit","09A","murder and nonnegligent manslaughter","homicide offenses","persons",2009-08-27 06:00:00,-83.0134,42.3535,NA,NA,"261635164002015",NA,NA
"1217",7100063,"Detroit","09A","murder and nonnegligent manslaughter","homicide offenses","persons",2009-08-27 06:00:00,-83.0132,42.3536,NA,NA,"261635164002016",NA,NA
"1218",7100290,"Detroit","09A","murder and nonnegligent manslaughter","homicide offenses","persons",2009-08-27 20:00:00,-83.0769,42.3759,NA,NA,"261635119002020",NA,NA
"1219",7101251,"Detroit","09A","murder and nonnegligent manslaughter","homicide offenses","persons",2009-08-30 01:00:00,-83.1766,42.373,NA,NA,"261635351002002",NA,NA
"1220",7101571,"Detroit","09A","murder and nonnegligent manslaughter","homicide offenses","persons",2009-08-31 01:00:00,-83.1895,42.4181,NA,NA,"261635395003014",NA,NA
"1221",7101797,"Detroit","09A","murder and nonnegligent manslaughter","homicide offenses","persons",2009-08-31 18:00:00,-83.0701,42.3797,NA,NA,"261635112002007",NA,NA
"1222",7101806,"Detroit","09A","murder and nonnegligent manslaughter","homicide offenses","persons",2009-08-31 18:00:00,-83.0701,42.38,NA,NA,"261635112002007",NA,NA
"1223",7102060,"Detroit","09A","murder and nonnegligent manslaughter","homicide offenses","persons",2009-09-01 09:00:00,-83.0474,42.4365,NA,NA,"261635066002010",NA,NA
"1224",7102811,"Detroit","09A","murder and nonnegligent manslaughter","homicide offenses","persons",2009-09-03 01:00:00,-83.1234,42.4031,NA,NA,"261635303003018",NA,NA
"1225",7102868,"Detroit","09A","murder and nonnegligent manslaughter","homicide offenses","persons",2009-09-03 07:00:00,-82.9521,42.4121,NA,NA,"261635012002006",NA,NA
"1226",7103209,"Detroit","09A","murder and nonnegligent manslaughter","homicide offenses","persons",2009-09-04 01:00:00,-83.0265,42.3538,NA,NA,"261635168001013",NA,NA
"1227",7103428,"Detroit","09A","murder and nonnegligent manslaughter","homicide offenses","persons",2009-09-04 16:00:00,-82.9325,42.4101,NA,NA,"261635014002008",NA,NA
"1228",7105004,"Detroit","09A","murder and nonnegligent manslaughter","homicide offenses","persons",2009-09-08 22:00:00,-83.0902,42.4459,NA,NA,"261635075001004",NA,NA
"1229",7105077,"Detroit","09A","murder and nonnegligent manslaughter","homicide offenses","persons",2009-09-09 03:00:00,-83.11,42.4179,NA,NA,"261635383002009",NA,NA
"1230",7105491,"Detroit","09A","murder and nonnegligent manslaughter","homicide offenses","persons",2009-09-10 06:00:00,-83.1529,42.3702,NA,NA,"261635344002007",NA,NA
"1231",7106402,"Detroit","09A","murder and nonnegligent manslaughter","homicide offenses","persons",2009-09-12 10:00:00,-83.135,42.3436,NA,NA,"261635264002002",NA,NA
"1232",7106997,"Detroit","09A","murder and nonnegligent manslaughter","homicide offenses","persons",2009-09-13 23:00:00,-83.1073,42.3635,NA,NA,"261635333002007",NA,NA
"1233",7106998,"Detroit","09A","murder and nonnegligent manslaughter","homicide offenses","persons",2009-09-13 23:00:00,-83.1073,42.3635,NA,NA,"261635333002007",NA,NA
"1234",7107406,"Detroit","09A","murder and nonnegligent manslaughter","homicide offenses","persons",2009-09-14 22:00:00,-82.9543,42.395,NA,NA,"261635124001004",NA,NA
"1235",7107631,"Detroit","09A","murder and nonnegligent manslaughter","homicide offenses","persons",2009-09-15 14:00:00,-83.1882,42.3567,NA,NA,"261635355002005",NA,NA
"1236",7107864,"Detroit","09A","murder and nonnegligent manslaughter","homicide offenses","persons",2009-09-16,-83.1325,42.41,NA,NA,"261635302005000",NA,NA
"1237",7108321,"Detroit","09A","murder and nonnegligent manslaughter","homicide offenses","persons",2009-09-17 01:00:00,-82.9616,42.4032,NA,NA,"261635121004005",NA,NA
"1238",7108538,"Detroit","09A","murder and nonnegligent manslaughter","homicide offenses","persons",2009-09-17 15:00:00,-83.1479,42.4143,NA,NA,"261635361001002",NA,NA
"1239",7108649,"Detroit","09A","murder and nonnegligent manslaughter","homicide offenses","persons",2009-09-17 19:00:00,-82.9439,42.4078,NA,NA,"261635014001005",NA,NA
"1240",7109172,"Detroit","09A","murder and nonnegligent manslaughter","homicide offenses","persons",2009-09-19 01:00:00,-83.0667,42.3751,NA,NA,"261635112001037",NA,NA
"1241",7109210,"Detroit","09A","murder and nonnegligent manslaughter","homicide offenses","persons",2009-09-19 04:00:00,-83.1323,42.324,NA,NA,"261635257001007",NA,NA
"1242",7109460,"Detroit","09A","murder and nonnegligent manslaughter","homicide offenses","persons",2009-09-19 23:00:00,-82.985,42.4305,NA,NA,"261635035002002",NA,NA
"1243",7109536,"Detroit","09A","murder and nonnegligent manslaughter","homicide offenses","persons",2009-09-20 03:00:00,-83.1965,42.4092,NA,NA,"261635376001005",NA,NA
"1244",7109686,"Detroit","09A","murder and nonnegligent manslaughter","homicide offenses","persons",2009-09-20 15:00:00,-83.1108,42.303,NA,NA,"261635250003022",NA,NA
"1245",7109770,"Detroit","09A","murder and nonnegligent manslaughter","homicide offenses","persons",2009-09-20 20:00:00,-83.1298,42.3817,NA,NA,"261635309003005",NA,NA
"1246",7110603,"Detroit","09A","murder and nonnegligent manslaughter","homicide offenses","persons",2009-09-22 23:00:00,-83.1498,42.3791,NA,NA,"261635342001012",NA,NA
"1247",7112019,"Detroit","09A","murder and nonnegligent manslaughter","homicide offenses","persons",2009-09-26 13:00:00,-83.0599,42.3444,NA,NA,"261635225002001",NA,NA
"1248",7112315,"Detroit","09A","murder and nonnegligent manslaughter","homicide offenses","persons",2009-09-27 10:00:00,-83.093,42.3078,NA,NA,"261635250002029",NA,NA
"1249",7112493,"Detroit","09A","murder and nonnegligent manslaughter","homicide offenses","persons",2009-09-27 21:00:00,-83.1162,42.3601,NA,NA,"261635334002011",NA,NA
"1250",7112495,"Detroit","09A","murder and nonnegligent manslaughter","homicide offenses","persons",2009-09-27 21:00:00,-83.1162,42.3598,NA,NA,"261635334002014",NA,NA
"1251",7112529,"Detroit","09A","murder and nonnegligent manslaughter","homicide offenses","persons",2009-09-27 23:00:00,-83.1767,42.3978,NA,NA,"261635371003011",NA,NA
"1252",7112904,"Detroit","09A","murder and nonnegligent manslaughter","homicide offenses","persons",2009-09-28 22:00:00,-83.2253,42.4317,NA,NA,"261635407002005",NA,NA
"1253",7113583,"Detroit","09B","negligent manslaughter","homicide offenses","persons",2009-09-30 18:00:00,-82.975,42.4261,NA,NA,"261635005004002",NA,NA
"1254",7115302,"Detroit","09A","murder and nonnegligent manslaughter","homicide offenses","persons",2009-10-05,-83.2037,42.3724,NA,NA,"261635452004001",NA,NA
"1255",7115999,"Detroit","09A","murder and nonnegligent manslaughter","homicide offenses","persons",2009-10-06 20:00:00,-82.9684,42.4063,NA,NA,"261635042004000",NA,NA
"1256",7116116,"Detroit","09A","murder and nonnegligent manslaughter","homicide offenses","persons",2009-10-07 03:00:00,-82.9795,42.37,NA,NA,"261635139002010",NA,NA
"1257",7116693,"Detroit","09A","murder and nonnegligent manslaughter","homicide offenses","persons",2009-10-08 16:00:00,-83.0807,42.3815,NA,NA,"261635114002015",NA,NA
"1258",7116883,"Detroit","09A","murder and nonnegligent manslaughter","homicide offenses","persons",2009-10-09 07:00:00,-83.2182,42.4267,NA,NA,"261635403005012",NA,NA
"1259",7117039,"Detroit","09A","murder and nonnegligent manslaughter","homicide offenses","persons",2009-10-09 16:00:00,-83.1223,42.396,NA,NA,"261635317002029",NA,NA
"1260",7117142,"Detroit","09A","murder and nonnegligent manslaughter","homicide offenses","persons",2009-10-09 21:00:00,-83.2,42.4325,NA,NA,"261635402001007",NA,NA
"1261",7117537,"Detroit","09A","murder and nonnegligent manslaughter","homicide offenses","persons",2009-10-10 23:00:00,-83.2539,42.3838,NA,NA,"261635439001007",NA,NA
"1262",7117732,"Detroit","09A","murder and nonnegligent manslaughter","homicide offenses","persons",2009-10-11 13:00:00,-83.2585,42.3826,NA,NA,"261635439001010",NA,NA
"1263",7118988,"Detroit","09A","murder and nonnegligent manslaughter","homicide offenses","persons",2009-10-14 17:00:00,-83.0418,42.3372,NA,NA,"261635172002050",NA,NA
"1264",7119354,"Detroit","09A","murder and nonnegligent manslaughter","homicide offenses","persons",2009-10-15 15:00:00,-83.2051,42.3682,NA,NA,"261635452004015",NA,NA
"1265",7119390,"Detroit","09A","murder and nonnegligent manslaughter","homicide offenses","persons",2009-10-15 17:00:00,-83.0946,42.347,NA,NA,"261635220001029",NA,NA
"1266",7119421,"Detroit","09A","murder and nonnegligent manslaughter","homicide offenses","persons",2009-10-15 18:00:00,-83.0151,42.3739,NA,NA,"261635160003002",NA,NA
"1267",7119938,"Detroit","09A","murder and nonnegligent manslaughter","homicide offenses","persons",2009-10-16 23:00:00,-83.0578,42.4348,NA,NA,"261635066001011",NA,NA
"1268",7120485,"Detroit","09B","negligent manslaughter","homicide offenses","persons",2009-10-18 12:00:00,-83.03,42.3551,NA,NA,"261635168001017",NA,NA
"1269",7120706,"Detroit","09A","murder and nonnegligent manslaughter","homicide offenses","persons",2009-10-19 01:00:00,-83.1502,42.3661,NA,NA,"261635347004000",NA,NA
"1270",7121856,"Detroit","09A","murder and nonnegligent manslaughter","homicide offenses","persons",2009-10-21 22:00:00,-82.9559,42.4458,NA,NA,"261635001001021",NA,NA
"1271",7122782,"Detroit","09A","murder and nonnegligent manslaughter","homicide offenses","persons",2009-10-24 07:00:00,-83.0913,42.324,NA,NA,"261635234002000",NA,NA
"1272",7122783,"Detroit","09A","murder and nonnegligent manslaughter","homicide offenses","persons",2009-10-24 07:00:00,-83.0914,42.324,NA,NA,"261635234002000",NA,NA
"1273",7122814,"Detroit","09A","murder and nonnegligent manslaughter","homicide offenses","persons",2009-10-24 10:00:00,-83.1487,42.3404,NA,NA,"261635262001003",NA,NA
"1274",7123373,"Detroit","09B","negligent manslaughter","homicide offenses","persons",2009-10-25 19:00:00,-83.1242,42.3797,NA,NA,"261635309003007",NA,NA
"1275",7123939,"Detroit","09A","murder and nonnegligent manslaughter","homicide offenses","persons",2009-10-27 07:00:00,-83.0022,42.384,NA,NA,"261635143003025",NA,NA
"1276",7123951,"Detroit","09A","murder and nonnegligent manslaughter","homicide offenses","persons",2009-10-27 08:00:00,-83.0307,42.3562,NA,NA,"261635188001048",NA,NA
"1277",7124308,"Detroit","09B","negligent manslaughter","homicide offenses","persons",2009-10-28 01:00:00,-83.0812,42.4187,NA,NA,"261635072001006",NA,NA
"1278",7125703,"Detroit","09A","murder and nonnegligent manslaughter","homicide offenses","persons",2009-10-31 15:00:00,-83.0412,42.3474,NA,NA,"261635189001090",NA,NA
"1279",7125753,"Detroit","09A","murder and nonnegligent manslaughter","homicide offenses","persons",2009-10-31 18:00:00,-83.1634,42.2594,NA,NA,"261635248003012",NA,NA
"1280",7126259,"Detroit","09A","murder and nonnegligent manslaughter","homicide offenses","persons",2009-11-01 20:00:00,-83.0739,42.4188,NA,NA,"261635072002016",NA,NA
"1281",7126361,"Detroit","09A","murder and nonnegligent manslaughter","homicide offenses","persons",2009-11-02 05:00:00,-83.0984,42.385,NA,NA,"261635322001010",NA,NA
"1282",7128277,"Detroit","09A","murder and nonnegligent manslaughter","homicide offenses","persons",2009-11-06 22:00:00,-83.2525,42.3814,NA,NA,"261635439001009",NA,NA
"1283",7128304,"Detroit","09A","murder and nonnegligent manslaughter","homicide offenses","persons",2009-11-07,-83.1887,42.3885,NA,NA,"261635373001001",NA,NA
"1284",7128726,"Detroit","09A","murder and nonnegligent manslaughter","homicide offenses","persons",2009-11-08 04:00:00,-83.1317,42.3388,NA,NA,"261635264001002",NA,NA
"1285",7129443,"Detroit","09A","murder and nonnegligent manslaughter","homicide offenses","persons",2009-11-10 05:00:00,-83.2044,42.3429,NA,NA,"261635456002002",NA,NA
"1286",7130003,"Detroit","09A","murder and nonnegligent manslaughter","homicide offenses","persons",2009-11-11 15:00:00,-83.1142,42.3698,NA,NA,"261635332002002",NA,NA
"1287",7130057,"Detroit","09A","murder and nonnegligent manslaughter","homicide offenses","persons",2009-11-11 17:00:00,-83.0913,42.4312,NA,NA,"261635073002002",NA,NA
"1288",7130224,"Detroit","09A","murder and nonnegligent manslaughter","homicide offenses","persons",2009-11-12,-82.9553,42.3939,NA,NA,"261635124001003",NA,NA
"1289",7130884,"Detroit","09B","negligent manslaughter","homicide offenses","persons",2009-11-13 19:00:00,-83.1365,42.2937,NA,NA,"261635243002000",NA,NA
"1290",7131023,"Detroit","09A","murder and nonnegligent manslaughter","homicide offenses","persons",2009-11-14 02:00:00,-83.1779,42.37,NA,NA,"261635351002004",NA,NA
"1291",7132012,"Detroit","09A","murder and nonnegligent manslaughter","homicide offenses","persons",2009-11-16 16:00:00,-82.939,42.369,NA,NA,"261635132001003",NA,NA
"1292",7132108,"Detroit","09A","murder and nonnegligent manslaughter","homicide offenses","persons",2009-11-16 21:00:00,-83.2127,42.3683,NA,NA,"261635452003007",NA,NA
"1293",7133015,"Detroit","09A","murder and nonnegligent manslaughter","homicide offenses","persons",2009-11-19 02:00:00,-83.1869,42.3896,NA,NA,"261635378003004",NA,NA
"1294",7134327,"Detroit","09A","murder and nonnegligent manslaughter","homicide offenses","persons",2009-11-22 14:00:00,-83.0507,42.446,NA,NA,"261635067001015",NA,NA
"1295",7134507,"Detroit","09A","murder and nonnegligent manslaughter","homicide offenses","persons",2009-11-23 02:00:00,-83.1969,42.3582,NA,NA,"261635354002008",NA,NA
"1296",7134517,"Detroit","09A","murder and nonnegligent manslaughter","homicide offenses","persons",2009-11-23 02:00:00,-83.1969,42.3581,NA,NA,"261635355002013",NA,NA
"1297",7134834,"Detroit","09A","murder and nonnegligent manslaughter","homicide offenses","persons",2009-11-23 20:00:00,-83.0014,42.4435,NA,NA,"261635032002010",NA,NA
"1298",7134926,"Detroit","09A","murder and nonnegligent manslaughter","homicide offenses","persons",2009-11-24 03:00:00,-83.0044,42.3516,NA,NA,"261635153003014",NA,NA
"1299",7136074,"Detroit","09A","murder and nonnegligent manslaughter","homicide offenses","persons",2009-11-27 08:00:00,-83.1641,42.3636,NA,NA,"261635357001002",NA,NA
"1300",7136305,"Detroit","09A","murder and nonnegligent manslaughter","homicide offenses","persons",2009-11-27 22:00:00,-83.0447,42.4128,NA,NA,"261635113001018",NA,NA
"1301",7136338,"Detroit","09A","murder and nonnegligent manslaughter","homicide offenses","persons",2009-11-28,-83.1096,42.307,NA,NA,"261635238004009",NA,NA
"1302",7136366,"Detroit","09A","murder and nonnegligent manslaughter","homicide offenses","persons",2009-11-28 02:00:00,-83.1192,42.4032,NA,NA,"261635303003020",NA,NA
"1303",7136637,"Detroit","09A","murder and nonnegligent manslaughter","homicide offenses","persons",2009-11-28 23:00:00,-83.1955,42.3558,NA,NA,"261635355002012",NA,NA
"1304",7138040,"Detroit","09A","murder and nonnegligent manslaughter","homicide offenses","persons",2009-12-02 12:00:00,-83.0179,42.4165,NA,NA,"261635048002005",NA,NA
"1305",7139942,"Detroit","09A","murder and nonnegligent manslaughter","homicide offenses","persons",2009-12-08 03:00:00,-83.1674,42.3894,NA,NA,"261635366001020",NA,NA
"1306",7139952,"Detroit","09A","murder and nonnegligent manslaughter","homicide offenses","persons",2009-12-08 05:00:00,-83.1673,42.3894,NA,NA,"261635366001020",NA,NA
"1307",7140135,"Detroit","09A","murder and nonnegligent manslaughter","homicide offenses","persons",2009-12-08 16:00:00,-83.1621,42.4152,NA,NA,"261635362002001",NA,NA
"1308",7141257,"Detroit","09A","murder and nonnegligent manslaughter","homicide offenses","persons",2009-12-12 02:00:00,-83.1914,42.3824,NA,NA,"261635373004004",NA,NA
"1309",7141626,"Detroit","09A","murder and nonnegligent manslaughter","homicide offenses","persons",2009-12-13 06:00:00,-83.1188,42.3335,NA,NA,"261635254001015",NA,NA
"1310",7142105,"Detroit","09A","murder and nonnegligent manslaughter","homicide offenses","persons",2009-12-14 15:00:00,-83.1601,42.3868,NA,NA,"261635366002001",NA,NA
"1311",7142300,"Detroit","09A","murder and nonnegligent manslaughter","homicide offenses","persons",2009-12-15 01:00:00,-83.1595,42.362,NA,NA,"261635357001007",NA,NA
"1312",7142677,"Detroit","09A","murder and nonnegligent manslaughter","homicide offenses","persons",2009-12-15 22:00:00,-82.9824,42.4141,NA,NA,"261635039003000",NA,NA
"1313",7143734,"Detroit","09A","murder and nonnegligent manslaughter","homicide offenses","persons",2009-12-18 18:00:00,-83.1583,42.3703,NA,NA,"261635344001010",NA,NA
"1314",7143816,"Detroit","09A","murder and nonnegligent manslaughter","homicide offenses","persons",2009-12-18 22:00:00,-82.9834,42.3674,NA,NA,"261635136002000",NA,NA
"1315",7144008,"Detroit","09A","murder and nonnegligent manslaughter","homicide offenses","persons",2009-12-19 14:00:00,-83.1558,42.4116,NA,NA,"261635361002004",NA,NA
"1316",7144682,"Detroit","09A","murder and nonnegligent manslaughter","homicide offenses","persons",2009-12-21 19:00:00,-83.139,42.3636,NA,NA,"261635345001016",NA,NA
"1317",7144773,"Detroit","09A","murder and nonnegligent manslaughter","homicide offenses","persons",2009-12-22 01:00:00,-82.9591,42.3941,NA,NA,"261635124002002",NA,NA
"1318",7144927,"Detroit","09A","murder and nonnegligent manslaughter","homicide offenses","persons",2009-12-22 13:00:00,-82.9842,42.3598,NA,NA,"261635136002017",NA,NA
"1319",7144928,"Detroit","09A","murder and nonnegligent manslaughter","homicide offenses","persons",2009-12-22 13:00:00,-82.9842,42.3599,NA,NA,"261635136002017",NA,NA
"1320",7145152,"Detroit","09A","murder and nonnegligent manslaughter","homicide offenses","persons",2009-12-23 01:00:00,-83.1657,42.4237,NA,NA,"261635387001005",NA,NA
"1321",7145744,"Detroit","09A","murder and nonnegligent manslaughter","homicide offenses","persons",2009-12-24 18:00:00,-83.0683,42.3514,NA,NA,"261635204001002",NA,NA
"1322",7146543,"Detroit","09A","murder and nonnegligent manslaughter","homicide offenses","persons",2009-12-27 19:00:00,-82.9626,42.4076,NA,NA,"261635011003005",NA,NA
"1323",7146631,"Detroit","09A","murder and nonnegligent manslaughter","homicide offenses","persons",2009-12-28,-82.963,42.4118,NA,NA,"261635011004007",NA,NA
"1324",7146729,"Detroit","09A","murder and nonnegligent manslaughter","homicide offenses","persons",2009-12-28 11:00:00,-82.9516,42.3643,NA,NA,"261635137003005",NA,NA
"1325",7146904,"Detroit","09A","murder and nonnegligent manslaughter","homicide offenses","persons",2009-12-28 21:00:00,-82.966,42.4392,NA,NA,"261635003003000",NA,NA
"1326",7146907,"Detroit","09A","murder and nonnegligent manslaughter","homicide offenses","persons",2009-12-28 21:00:00,-82.9661,42.4392,NA,NA,"261635003003000",NA,NA
"1327",7147143,"Detroit","09A","murder and nonnegligent manslaughter","homicide offenses","persons",2009-12-29 15:00:00,-83.1783,42.388,NA,NA,"261635372002006",NA,NA
"1328",7147153,"Detroit","09A","murder and nonnegligent manslaughter","homicide offenses","persons",2009-12-29 16:00:00,-83.0215,42.3878,NA,NA,"261635110001010",NA,NA
"1329",7148340,"Detroit","09A","murder and nonnegligent manslaughter","homicide offenses","persons",2010-01-01 17:00:00,-83.1815,42.3979,NA,NA,"261635371002005",NA,NA
"1330",7148662,"Detroit","09A","murder and nonnegligent manslaughter","homicide offenses","persons",2010-01-02 21:00:00,-83.2083,42.3744,NA,NA,"261635451002006",NA,NA
"1331",7148896,"Detroit","09A","murder and nonnegligent manslaughter","homicide offenses","persons",2010-01-03 16:00:00,-83.1252,42.3765,NA,NA,"261635309003015",NA,NA
"1332",7148897,"Detroit","09A","murder and nonnegligent manslaughter","homicide offenses","persons",2010-01-03 16:00:00,-83.1253,42.3762,NA,NA,"261635309003019",NA,NA
"1333",7148978,"Detroit","09A","murder and nonnegligent manslaughter","homicide offenses","persons",2010-01-03 22:00:00,-83.1793,42.3856,NA,NA,"261635372002007",NA,NA
"1334",7149499,"Detroit","09A","murder and nonnegligent manslaughter","homicide offenses","persons",2010-01-05 14:00:00,-83.1406,42.3959,NA,NA,"261635364004013",NA,NA
"1335",7150258,"Detroit","09A","murder and nonnegligent manslaughter","homicide offenses","persons",2010-01-07 20:00:00,-83.2235,42.3459,NA,NA,"261635459001006",NA,NA
"1336",7150302,"Detroit","09A","murder and nonnegligent manslaughter","homicide offenses","persons",2010-01-08,-83.202,42.4157,NA,NA,"261635421001001",NA,NA
"1337",7150643,"Detroit","09A","murder and nonnegligent manslaughter","homicide offenses","persons",2010-01-09 01:00:00,-83.185,42.4036,NA,NA,"261635375001008",NA,NA
"1338",7150644,"Detroit","09A","murder and nonnegligent manslaughter","homicide offenses","persons",2010-01-09 01:00:00,-83.1853,42.4035,NA,NA,"261635375001008",NA,NA
"1339",7150992,"Detroit","09A","murder and nonnegligent manslaughter","homicide offenses","persons",2010-01-10 04:00:00,-83.0747,42.3426,NA,NA,"261635220001002",NA,NA
"1340",7151159,"Detroit","09A","murder and nonnegligent manslaughter","homicide offenses","persons",2010-01-10 20:00:00,-83.109,42.3451,NA,NA,"261635254003000",NA,NA
"1341",7151559,"Detroit","09A","murder and nonnegligent manslaughter","homicide offenses","persons",2010-01-12 08:00:00,-83.1345,42.3861,NA,NA,"261635305003010",NA,NA
"1342",7152142,"Detroit","09A","murder and nonnegligent manslaughter","homicide offenses","persons",2010-01-13 21:00:00,-83.2179,42.3645,NA,NA,"261635467001000",NA,NA
"1343",7152507,"Detroit","09A","murder and nonnegligent manslaughter","homicide offenses","persons",2010-01-14 21:00:00,-83.1782,42.3745,NA,NA,"261635352003008",NA,NA
"1344",7153892,"Detroit","09A","murder and nonnegligent manslaughter","homicide offenses","persons",2010-01-18 21:00:00,-83.0889,42.3897,NA,NA,"261635322002008",NA,NA
"1345",7154361,"Detroit","09A","murder and nonnegligent manslaughter","homicide offenses","persons",2010-01-20 06:00:00,-83.0172,42.393,NA,NA,"261635047003017",NA,NA
"1346",7154566,"Detroit","09A","murder and nonnegligent manslaughter","homicide offenses","persons",2010-01-20 17:00:00,-83.0063,42.3916,NA,NA,"261635055002027",NA,NA
"1347",7154664,"Detroit","09A","murder and nonnegligent manslaughter","homicide offenses","persons",2010-01-20 22:00:00,-83.1222,42.3145,NA,NA,"261635240001012",NA,NA
"1348",7154713,"Detroit","09A","murder and nonnegligent manslaughter","homicide offenses","persons",2010-01-21 03:00:00,-83.2035,42.3702,NA,NA,"261635452004001",NA,NA
"1349",7154817,"Detroit","09A","murder and nonnegligent manslaughter","homicide offenses","persons",2010-01-21 12:00:00,-83.0374,42.3611,NA,NA,"261635188001018",NA,NA
"1350",7154824,"Detroit","09A","murder and nonnegligent manslaughter","homicide offenses","persons",2010-01-21 12:00:00,-83.0375,42.3609,NA,NA,"261635188001018",NA,NA
"1351",7155515,"Detroit","09A","murder and nonnegligent manslaughter","homicide offenses","persons",2010-01-23 11:00:00,-83.0606,42.341,NA,NA,"261635225001017",NA,NA
"1352",7157322,"Detroit","09A","murder and nonnegligent manslaughter","homicide offenses","persons",2010-01-28 21:00:00,-83.0494,42.3339,NA,NA,"261635207002007",NA,NA
"1353",7157850,"Detroit","09A","murder and nonnegligent manslaughter","homicide offenses","persons",2010-01-30 16:00:00,-83.1792,42.3656,NA,NA,"261635350002005",NA,NA
"1354",7158015,"Detroit","09A","murder and nonnegligent manslaughter","homicide offenses","persons",2010-01-31 03:00:00,-82.9844,42.3592,NA,NA,"261635136002017",NA,NA
"1355",7158862,"Detroit","09A","murder and nonnegligent manslaughter","homicide offenses","persons",2010-02-02 22:00:00,-83.1003,42.442,NA,NA,"261635081002005",NA,NA
"1356",7159459,"Detroit","09A","murder and nonnegligent manslaughter","homicide offenses","persons",2010-02-04 20:00:00,-82.9888,42.4321,NA,NA,"261635035004006",NA,NA
"1357",7160365,"Detroit","09A","murder and nonnegligent manslaughter","homicide offenses","persons",2010-02-08,-83.2792,42.4253,NA,NA,"261635413002010",NA,NA
"1358",7160380,"Detroit","09A","murder and nonnegligent manslaughter","homicide offenses","persons",2010-02-08 01:00:00,-83.1404,42.3561,NA,NA,"261635346003008",NA,NA
"1359",7160874,"Detroit","09A","murder and nonnegligent manslaughter","homicide offenses","persons",2010-02-09 19:00:00,-82.9686,42.418,NA,NA,"261635041002001",NA,NA
"1360",7160894,"Detroit","09A","murder and nonnegligent manslaughter","homicide offenses","persons",2010-02-09 21:00:00,-83.2315,42.3866,NA,NA,"261635437003012",NA,NA
"1361",7161159,"Detroit","09A","murder and nonnegligent manslaughter","homicide offenses","persons",2010-02-10 22:00:00,-83.1214,42.3877,NA,NA,"261635315002001",NA,NA
"1362",7161810,"Detroit","09A","murder and nonnegligent manslaughter","homicide offenses","persons",2010-02-13 04:00:00,-83.0211,42.3976,NA,NA,"261635047002006",NA,NA
"1363",7162233,"Detroit","09A","murder and nonnegligent manslaughter","homicide offenses","persons",2010-02-14 19:00:00,-82.9834,42.4405,NA,NA,"261635034001005",NA,NA
"1364",7162579,"Detroit","09A","murder and nonnegligent manslaughter","homicide offenses","persons",2010-02-15 20:00:00,-83.2209,42.4015,NA,NA,"261635429001000",NA,NA
"1365",7162591,"Detroit","09A","murder and nonnegligent manslaughter","homicide offenses","persons",2010-02-15 21:00:00,-83.1803,42.4152,NA,NA,"261635369002000",NA,NA
"1366",7163100,"Detroit","09A","murder and nonnegligent manslaughter","homicide offenses","persons",2010-02-17 16:00:00,-83.1709,42.3597,NA,NA,"261635350003010",NA,NA
"1367",7163834,"Detroit","09A","murder and nonnegligent manslaughter","homicide offenses","persons",2010-02-20 01:00:00,-83.1977,42.3446,NA,NA,"261635455002006",NA,NA
"1368",7164066,"Detroit","09A","murder and nonnegligent manslaughter","homicide offenses","persons",2010-02-20 19:34:00,-83.273613,42.389234,NA,NA,"261635441003002",NA,NA
"1369",7164067,"Detroit","09A","murder and nonnegligent manslaughter","homicide offenses","persons",2010-02-20 19:34:00,-83.273613,42.389234,NA,NA,"261635441003002",NA,NA
"1370",7164402,"Detroit","09A","murder and nonnegligent manslaughter","homicide offenses","persons",2010-02-21 23:00:00,-83.0204,42.4144,NA,NA,"261635048002011",NA,NA
"1371",7166106,"Detroit","09A","murder and nonnegligent manslaughter","homicide offenses","persons",2010-02-28 03:00:00,-82.9646,42.4125,NA,NA,"261635011004009",NA,NA
"1372",7166597,"Detroit","09A","murder and nonnegligent manslaughter","homicide offenses","persons",2010-03-01 20:00:00,-83.2229,42.4314,NA,NA,"261635407002013",NA,NA
"1373",7166598,"Detroit","09A","murder and nonnegligent manslaughter","homicide offenses","persons",2010-03-01 20:00:00,-83.2231,42.4315,NA,NA,"261635407002005",NA,NA
"1374",7166739,"Detroit","09A","murder and nonnegligent manslaughter","homicide offenses","persons",2010-03-02 09:00:00,-83.1411,42.3799,NA,NA,"261635341001001",NA,NA
"1375",7167006,"Detroit","09A","murder and nonnegligent manslaughter","homicide offenses","persons",2010-03-03 01:00:00,-83.0976,42.361,NA,NA,"261635223002020",NA,NA
"1376",7168401,"Detroit","09A","murder and nonnegligent manslaughter","homicide offenses","persons",2010-03-07 05:00:00,-83.1261,42.3143,NA,NA,"261635241004000",NA,NA
"1377",7169675,"Detroit","09A","murder and nonnegligent manslaughter","homicide offenses","persons",2010-03-11 05:00:00,-83.0527,42.3291,NA,NA,"261635208001025",NA,NA
"1378",7169897,"Detroit","09A","murder and nonnegligent manslaughter","homicide offenses","persons",2010-03-11 19:00:00,-83.1461,42.3522,NA,NA,"261635346002010",NA,NA
"1379",7169911,"Detroit","09A","murder and nonnegligent manslaughter","homicide offenses","persons",2010-03-11 20:00:00,-83.131,42.3881,NA,NA,"261635305003001",NA,NA
"1380",7170166,"Detroit","09A","murder and nonnegligent manslaughter","homicide offenses","persons",2010-03-12 15:00:00,-83.0908,42.4317,NA,NA,"261635073002002",NA,NA
"1381",7170317,"Detroit","09A","murder and nonnegligent manslaughter","homicide offenses","persons",2010-03-12 23:00:00,-83.2297,42.3911,NA,NA,"261635428003004",NA,NA
"1382",7170918,"Detroit","09A","murder and nonnegligent manslaughter","homicide offenses","persons",2010-03-15 02:00:00,-83.233,42.4437,NA,NA,"261635408001002",NA,NA
"1383",7171171,"Detroit","09A","murder and nonnegligent manslaughter","homicide offenses","persons",2010-03-15 18:00:00,-83.2455,42.4024,NA,NA,"261635435001002",NA,NA
"1384",7171499,"Detroit","09A","murder and nonnegligent manslaughter","homicide offenses","persons",2010-03-16 18:00:00,-83.176,42.3985,NA,NA,"261635371003011",NA,NA
"1385",7171589,"Detroit","09A","murder and nonnegligent manslaughter","homicide offenses","persons",2010-03-16 22:00:00,-83.1994,42.4133,NA,NA,"261635421001011",NA,NA
"1386",7171761,"Detroit","09A","murder and nonnegligent manslaughter","homicide offenses","persons",2010-03-17 12:00:00,-83.196,42.3727,NA,NA,"261635353005020",NA,NA
"1387",7171982,"Detroit","09A","murder and nonnegligent manslaughter","homicide offenses","persons",2010-03-18 02:00:00,-83.0786,42.3288,NA,NA,"261635214001077",NA,NA
"1388",7172159,"Detroit","09A","murder and nonnegligent manslaughter","homicide offenses","persons",2010-03-18 15:00:00,-83.1719,42.3736,NA,NA,"261635352002003",NA,NA
"1389",7172935,"Detroit","09A","murder and nonnegligent manslaughter","homicide offenses","persons",2010-03-20 18:00:00,-83.1584,42.4199,NA,NA,"261635385006004",NA,NA
"1390",7173600,"Detroit","09A","murder and nonnegligent manslaughter","homicide offenses","persons",2010-03-22 20:00:00,-83.146,42.3464,NA,NA,"261635265002019",NA,NA
"1391",7174404,"Detroit","09A","murder and nonnegligent manslaughter","homicide offenses","persons",2010-03-25 10:00:00,-83.1739,42.3588,NA,NA,"261635350002014",NA,NA
"1392",7174659,"Detroit","09A","murder and nonnegligent manslaughter","homicide offenses","persons",2010-03-26 01:00:00,-83.1062,42.4458,NA,NA,"261635081003007",NA,NA
"1393",7174661,"Detroit","09A","murder and nonnegligent manslaughter","homicide offenses","persons",2010-03-26 01:00:00,-83.1066,42.4462,NA,NA,"261635081003008",NA,NA
"1394",7176244,"Detroit","09A","murder and nonnegligent manslaughter","homicide offenses","persons",2010-03-30 17:00:00,-83.0801,42.4423,NA,NA,"261635068002004",NA,NA
"1395",7176327,"Detroit","09A","murder and nonnegligent manslaughter","homicide offenses","persons",2010-03-30 21:00:00,-83.0809,42.3407,NA,NA,"261635220001060",NA,NA
"1396",7176332,"Detroit","09A","murder and nonnegligent manslaughter","homicide offenses","persons",2010-03-30 21:00:00,-82.963,42.3864,NA,NA,"261635123002013",NA,NA
"1397",7176966,"Detroit","09A","murder and nonnegligent manslaughter","homicide offenses","persons",2010-04-01 13:00:00,-83.1796,42.4092,NA,NA,"261635370002000",NA,NA
"1398",7177211,"Detroit","09A","murder and nonnegligent manslaughter","homicide offenses","persons",2010-04-02 02:00:00,-83.0972,42.4348,NA,NA,"261635081001024",NA,NA
"1399",7177224,"Detroit","09A","murder and nonnegligent manslaughter","homicide offenses","persons",2010-04-02 03:00:00,-82.9481,42.4425,NA,NA,"261635001002010",NA,NA
"1400",7177364,"Detroit","09A","murder and nonnegligent manslaughter","homicide offenses","persons",2010-04-02 14:00:00,-83.0037,42.3975,NA,NA,"261635055002001",NA,NA
"1401",7177608,"Detroit","09B","negligent manslaughter","homicide offenses","persons",2010-04-03 03:00:00,-83.0341,42.3493,NA,NA,"261635168001031",NA,NA
"1402",7177693,"Detroit","09A","murder and nonnegligent manslaughter","homicide offenses","persons",2010-04-03 12:00:00,-83.16,42.3836,NA,NA,"261635342005018",NA,NA
"1403",7177771,"Detroit","09A","murder and nonnegligent manslaughter","homicide offenses","persons",2010-04-03 18:00:00,-83.0052,42.413,NA,NA,"261635052003004",NA,NA
"1404",7178584,"Detroit","09A","murder and nonnegligent manslaughter","homicide offenses","persons",2010-04-05 23:00:00,-83.2188,42.3617,NA,NA,"261635467001007",NA,NA
"1405",7178684,"Detroit","09A","murder and nonnegligent manslaughter","homicide offenses","persons",2010-04-06 09:00:00,-83.0266,42.3785,NA,NA,"261635161002017",NA,NA
"1406",7178705,"Detroit","09A","murder and nonnegligent manslaughter","homicide offenses","persons",2010-04-06 11:00:00,-83.105,42.337,NA,NA,"261635255001001",NA,NA
"1407",7178792,"Detroit","09A","murder and nonnegligent manslaughter","homicide offenses","persons",2010-04-06 15:00:00,-83.2281,42.4302,NA,NA,"261635407003017",NA,NA
"1408",7180269,"Detroit","09A","murder and nonnegligent manslaughter","homicide offenses","persons",2010-04-10 18:00:00,-83.2098,42.3505,NA,NA,"261635455005007",NA,NA
"1409",7180311,"Detroit","09A","murder and nonnegligent manslaughter","homicide offenses","persons",2010-04-10 20:00:00,-82.9649,42.4189,NA,NA,"261635011005003",NA,NA
"1410",7182043,"Detroit","09A","murder and nonnegligent manslaughter","homicide offenses","persons",2010-04-15 19:00:00,-83.2424,42.3623,NA,NA,"261635466002008",NA,NA
"1411",7182098,"Detroit","09A","murder and nonnegligent manslaughter","homicide offenses","persons",2010-04-15 23:00:00,-82.9907,42.4206,NA,NA,"261635054003010",NA,NA
"1412",7182487,"Detroit","09A","murder and nonnegligent manslaughter","homicide offenses","persons",2010-04-16 23:00:00,-83.1444,42.3342,NA,NA,"261635262001012",NA,NA
"1413",7183201,"Detroit","09A","murder and nonnegligent manslaughter","homicide offenses","persons",2010-04-19 02:00:00,-83.1587,42.4025,NA,NA,"261635364003004",NA,NA
"1414",7183531,"Detroit","09A","murder and nonnegligent manslaughter","homicide offenses","persons",2010-04-19 23:00:00,-83.1236,42.3648,NA,NA,"261635334004011",NA,NA
"1415",7184047,"Detroit","09A","murder and nonnegligent manslaughter","homicide offenses","persons",2010-04-21 11:00:00,-82.986,42.3589,NA,NA,"261635156001012",NA,NA
"1416",7185314,"Detroit","09A","murder and nonnegligent manslaughter","homicide offenses","persons",2010-04-24 21:00:00,-83.2034,42.4159,NA,NA,"261635404001013",NA,NA
"1417",7185439,"Detroit","09A","murder and nonnegligent manslaughter","homicide offenses","persons",2010-04-25 03:00:00,-83.1326,42.3092,NA,NA,"261635242005005",NA,NA
"1418",7185504,"Detroit","09A","murder and nonnegligent manslaughter","homicide offenses","persons",2010-04-25 12:00:00,-83.1381,42.327,NA,NA,"261635260002012",NA,NA
"1419",7185754,"Detroit","09A","murder and nonnegligent manslaughter","homicide offenses","persons",2010-04-26 05:00:00,-82.9973,42.4122,NA,NA,"261635054004010",NA,NA
"1420",7185761,"Detroit","09A","murder and nonnegligent manslaughter","homicide offenses","persons",2010-04-26 05:00:00,-83.1268,42.3011,NA,NA,"261635243001002",NA,NA
"1421",7186407,"Detroit","09A","murder and nonnegligent manslaughter","homicide offenses","persons",2010-04-27 18:00:00,-83.1798,42.4134,NA,NA,"261635369002007",NA,NA
"1422",7186823,"Detroit","09A","murder and nonnegligent manslaughter","homicide offenses","persons",2010-04-28 21:00:00,-83.1983,42.3617,NA,NA,"261635453001005",NA,NA
"1423",7187240,"Detroit","09A","murder and nonnegligent manslaughter","homicide offenses","persons",2010-04-30 02:00:00,-83.0809,42.3738,NA,NA,"261635339001004",NA,NA
"1424",7187621,"Detroit","09A","murder and nonnegligent manslaughter","homicide offenses","persons",2010-05-01,-82.9908,42.4362,NA,NA,"261635033002014",NA,NA
"1425",7187701,"Detroit","09A","murder and nonnegligent manslaughter","homicide offenses","persons",2010-05-01 04:00:00,-83.1308,42.3453,NA,NA,"261639850001001",NA,NA
"1426",7188025,"Detroit","09A","murder and nonnegligent manslaughter","homicide offenses","persons",2010-05-02,-83.1317,42.331,NA,NA,"261635257003006",NA,NA
"1427",7188071,"Detroit","09A","murder and nonnegligent manslaughter","homicide offenses","persons",2010-05-02 03:00:00,-83.1227,42.3274,NA,NA,"261635257003010",NA,NA
"1428",7188394,"Detroit","09A","murder and nonnegligent manslaughter","homicide offenses","persons",2010-05-03 04:00:00,-82.986,42.4466,NA,NA,"261635032001007",NA,NA
"1429",7189311,"Detroit","09B","negligent manslaughter","homicide offenses","persons",2010-05-05 15:00:00,-83.122,42.3233,NA,NA,"261635257001001",NA,NA
"1430",7189926,"Detroit","09A","murder and nonnegligent manslaughter","homicide offenses","persons",2010-05-07 02:00:00,-83.1352,42.4064,NA,NA,"261635302005003",NA,NA
"1431",7190018,"Detroit","09A","murder and nonnegligent manslaughter","homicide offenses","persons",2010-05-07 11:00:00,-82.9643,42.4415,NA,NA,"261635003001006",NA,NA
"1432",7190262,"Detroit","09A","murder and nonnegligent manslaughter","homicide offenses","persons",2010-05-08 01:00:00,-83.0688,42.4382,NA,NA,"261635069004001",NA,NA
"1433",7190580,"Detroit","09A","murder and nonnegligent manslaughter","homicide offenses","persons",2010-05-09 02:00:00,-83.1637,42.2712,NA,NA,"261635247004013",NA,NA
"1434",7190613,"Detroit","09A","murder and nonnegligent manslaughter","homicide offenses","persons",2010-05-09 05:00:00,-83.2055,42.4058,NA,NA,"261635422001006",NA,NA
"1435",7190749,"Detroit","09A","murder and nonnegligent manslaughter","homicide offenses","persons",2010-05-09 17:00:00,-83.15,42.3659,NA,NA,"261635347004000",NA,NA
"1436",7190869,"Detroit","09A","murder and nonnegligent manslaughter","homicide offenses","persons",2010-05-10 01:00:00,-83.2079,42.4155,NA,NA,"261635421003000",NA,NA
"1437",7190892,"Detroit","09A","murder and nonnegligent manslaughter","homicide offenses","persons",2010-05-10 03:00:00,-83.0814,42.3907,NA,NA,"261635114004003",NA,NA
"1438",7191252,"Detroit","09A","murder and nonnegligent manslaughter","homicide offenses","persons",2010-05-11 08:00:00,-83.0643,42.3475,NA,NA,"261635203002001",NA,NA
"1439",7191684,"Detroit","09A","murder and nonnegligent manslaughter","homicide offenses","persons",2010-05-12 14:00:00,-83.2397,42.4244,NA,NA,"261635411003001",NA,NA
"1440",7192279,"Detroit","09A","murder and nonnegligent manslaughter","homicide offenses","persons",2010-05-14 02:00:00,-82.9664,42.4158,NA,NA,"261635041002010",NA,NA
"1441",7192448,"Detroit","09A","murder and nonnegligent manslaughter","homicide offenses","persons",2010-05-14 15:00:00,-82.9794,42.3786,NA,NA,"261635139001000",NA,NA
"1442",7193333,"Detroit","09A","murder and nonnegligent manslaughter","homicide offenses","persons",2010-05-16 23:00:00,-83.2099,42.3714,NA,NA,"261635452004006",NA,NA
"1443",7194117,"Detroit","09A","murder and nonnegligent manslaughter","homicide offenses","persons",2010-05-18 23:00:00,-83.2018,42.375,NA,NA,"261635451001003",NA,NA
"1444",7194373,"Detroit","09A","murder and nonnegligent manslaughter","homicide offenses","persons",2010-05-19 17:00:00,-83.1933,42.3749,NA,NA,"261635353005015",NA,NA
"1445",7194521,"Detroit","09A","murder and nonnegligent manslaughter","homicide offenses","persons",2010-05-20 02:00:00,-83.1579,42.2787,NA,NA,"261635245002040",NA,NA
"1446",7195942,"Detroit","09A","murder and nonnegligent manslaughter","homicide offenses","persons",2010-05-24,-83.2224,42.3848,NA,NA,"261635427001031",NA,NA
"1447",7196305,"Detroit","09A","murder and nonnegligent manslaughter","homicide offenses","persons",2010-05-24 23:00:00,-83.0711,42.3776,NA,NA,"261635119001000",NA,NA
"1448",7197496,"Detroit","09A","murder and nonnegligent manslaughter","homicide offenses","persons",2010-05-28 02:00:00,-82.9582,42.4307,NA,NA,"261635006001018",NA,NA
"1449",7197568,"Detroit","09A","murder and nonnegligent manslaughter","homicide offenses","persons",2010-05-28 09:00:00,-83.141,42.364,NA,NA,"261635345001011",NA,NA
"1450",7198047,"Detroit","09A","murder and nonnegligent manslaughter","homicide offenses","persons",2010-05-29 15:00:00,-83.0049,42.3475,NA,NA,"261635164001011",NA,NA
"1451",7198260,"Detroit","09A","murder and nonnegligent manslaughter","homicide offenses","persons",2010-05-30 02:00:00,-83.1232,42.3268,NA,NA,"261635257004003",NA,NA
"1452",7199410,"Detroit","09A","murder and nonnegligent manslaughter","homicide offenses","persons",2010-06-02 01:00:00,-83.2365,42.3533,NA,NA,"261635461001006",NA,NA
"1453",7199885,"Detroit","09A","murder and nonnegligent manslaughter","homicide offenses","persons",2010-06-03 10:00:00,-82.9524,42.4171,NA,NA,"261635010001011",NA,NA
"1454",7200313,"Detroit","09A","murder and nonnegligent manslaughter","homicide offenses","persons",2010-06-04 14:00:00,-83.1587,42.3854,NA,NA,"261635366004023",NA,NA
"1455",7200465,"Detroit","09A","murder and nonnegligent manslaughter","homicide offenses","persons",2010-06-04 23:00:00,-82.957,42.3784,NA,NA,"261635126003006",NA,NA
"1456",7200708,"Detroit","09A","murder and nonnegligent manslaughter","homicide offenses","persons",2010-06-05 18:00:00,-82.9891,42.3788,NA,NA,"261635141001003",NA,NA
"1457",7200862,"Detroit","09A","murder and nonnegligent manslaughter","homicide offenses","persons",2010-06-06 05:00:00,-83.1314,42.3228,NA,NA,"261635257001003",NA,NA
"1458",7201291,"Detroit","09A","murder and nonnegligent manslaughter","homicide offenses","persons",2010-06-07 15:00:00,-83.0699,42.4273,NA,NA,"261635071004000",NA,NA
"1459",7202009,"Detroit","09A","murder and nonnegligent manslaughter","homicide offenses","persons",2010-06-09 17:00:00,-83.0122,42.3763,NA,NA,"261635142003003",NA,NA
"1460",7202742,"Detroit","09A","murder and nonnegligent manslaughter","homicide offenses","persons",2010-06-11 13:00:00,-83.1025,42.4298,NA,NA,"261635079001007",NA,NA
"1461",7202950,"Detroit","09A","murder and nonnegligent manslaughter","homicide offenses","persons",2010-06-12,-83.1784,42.4288,NA,NA,"261635394003021",NA,NA
"1462",7203561,"Detroit","09A","murder and nonnegligent manslaughter","homicide offenses","persons",2010-06-13 19:00:00,-83.2168,42.408,NA,NA,"261635422005001",NA,NA
"1463",7203721,"Detroit","09A","murder and nonnegligent manslaughter","homicide offenses","persons",2010-06-14 04:00:00,-83.2317,42.3969,NA,NA,"261635429004004",NA,NA
"1464",7203754,"Detroit","09A","murder and nonnegligent manslaughter","homicide offenses","persons",2010-06-14 09:00:00,-83.1116,42.3054,NA,NA,"261635238004006",NA,NA
"1465",7203921,"Detroit","09A","murder and nonnegligent manslaughter","homicide offenses","persons",2010-06-14 17:00:00,-83.0076,42.3928,NA,NA,"261635055002026",NA,NA
"1466",7204597,"Detroit","09A","murder and nonnegligent manslaughter","homicide offenses","persons",2010-06-16 12:00:00,-82.9771,42.4361,NA,NA,"261635034002017",NA,NA
"1467",7205184,"Detroit","09A","murder and nonnegligent manslaughter","homicide offenses","persons",2010-06-18,-83.2325,42.3588,NA,NA,"261635467004011",NA,NA
"1468",7205662,"Detroit","09A","murder and nonnegligent manslaughter","homicide offenses","persons",2010-06-19 04:00:00,-82.968,42.4354,NA,NA,"261635003002014",NA,NA
"1469",7206276,"Detroit","09A","murder and nonnegligent manslaughter","homicide offenses","persons",2010-06-21,-82.9284,42.3985,NA,NA,"261635018004002",NA,NA
"1470",7206304,"Detroit","09A","murder and nonnegligent manslaughter","homicide offenses","persons",2010-06-21 01:00:00,-83.2251,42.4141,NA,NA,"261635431002005",NA,NA
"1471",7206340,"Detroit","09A","murder and nonnegligent manslaughter","homicide offenses","persons",2010-06-21 03:00:00,-83.1689,42.3864,NA,NA,"261635372002000",NA,NA
"1472",7206661,"Detroit","09A","murder and nonnegligent manslaughter","homicide offenses","persons",2010-06-21 23:00:00,-83.0894,42.4214,NA,NA,"261635073003028",NA,NA
"1473",7207065,"Detroit","09A","murder and nonnegligent manslaughter","homicide offenses","persons",2010-06-22 22:00:00,-83.078,42.3417,NA,NA,"261635220001057",NA,NA
"1474",7208324,"Detroit","09A","murder and nonnegligent manslaughter","homicide offenses","persons",2010-06-26 03:00:00,-83.1282,42.3313,NA,NA,"261635258001003",NA,NA
"1475",7208599,"Detroit","09A","murder and nonnegligent manslaughter","homicide offenses","persons",2010-06-26 23:00:00,-82.9706,42.447,NA,NA,"261635031001000",NA,NA
"1476",7208632,"Detroit","09A","murder and nonnegligent manslaughter","homicide offenses","persons",2010-06-27 01:00:00,-83.2383,42.3573,NA,NA,"261635461001001",NA,NA
"1477",7208681,"Detroit","09A","murder and nonnegligent manslaughter","homicide offenses","persons",2010-06-27 03:00:00,-83.1684,42.3902,NA,NA,"261635366001018",NA,NA
"1478",7209221,"Detroit","09A","murder and nonnegligent manslaughter","homicide offenses","persons",2010-06-28 17:00:00,-82.9711,42.4367,NA,NA,"261635003003005",NA,NA
"1479",7210075,"Detroit","09A","murder and nonnegligent manslaughter","homicide offenses","persons",2010-06-30 23:00:00,-83.1565,42.3894,NA,NA,"261635366005004",NA,NA
"1480",7210083,"Detroit","09A","murder and nonnegligent manslaughter","homicide offenses","persons",2010-07-01,-83.1885,42.3573,NA,NA,"261635355002006",NA,NA
"1481",7210157,"Detroit","09A","murder and nonnegligent manslaughter","homicide offenses","persons",2010-07-01 04:00:00,-83.1248,42.4065,NA,NA,"261635301001008",NA,NA
"1482",7211350,"Detroit","09A","murder and nonnegligent manslaughter","homicide offenses","persons",2010-07-04 02:00:00,-83.0846,42.3759,NA,NA,"261635324003003",NA,NA
"1483",7211635,"Detroit","09A","murder and nonnegligent manslaughter","homicide offenses","persons",2010-07-04 22:00:00,-83.1881,42.3761,NA,NA,"261635353005005",NA,NA
"1484",7211758,"Detroit","09A","murder and nonnegligent manslaughter","homicide offenses","persons",2010-07-05 03:00:00,-82.9744,42.4194,NA,NA,"261635040002000",NA,NA
"1485",7211812,"Detroit","09A","murder and nonnegligent manslaughter","homicide offenses","persons",2010-07-05 11:00:00,-83.2502,42.3835,NA,NA,"261635439001016",NA,NA
"1486",7212647,"Detroit","09A","murder and nonnegligent manslaughter","homicide offenses","persons",2010-07-07 20:00:00,-83.2571,42.3843,NA,NA,"261635440002015",NA,NA
"1487",7213083,"Detroit","09A","murder and nonnegligent manslaughter","homicide offenses","persons",2010-07-09 01:00:00,-82.9756,42.4159,NA,NA,"261635040002010",NA,NA
"1488",7213335,"Detroit","09A","murder and nonnegligent manslaughter","homicide offenses","persons",2010-07-09 17:00:00,-83.2171,42.3333,NA,NA,"261635457002015",NA,NA
"1489",7213338,"Detroit","09A","murder and nonnegligent manslaughter","homicide offenses","persons",2010-07-09 17:00:00,-83.2161,42.3334,NA,NA,"261635457002017",NA,NA
"1490",7213528,"Detroit","09A","murder and nonnegligent manslaughter","homicide offenses","persons",2010-07-10 02:00:00,-83.1993,42.3542,NA,NA,"261635454001000",NA,NA
"1491",7213794,"Detroit","09A","murder and nonnegligent manslaughter","homicide offenses","persons",2010-07-11 03:00:00,-83.0522,42.3344,NA,NA,"261635207002003",NA,NA
"1492",7213798,"Detroit","09A","murder and nonnegligent manslaughter","homicide offenses","persons",2010-07-11 03:00:00,-83.2364,42.3668,NA,NA,"261635465001004",NA,NA
"1493",7213823,"Detroit","09A","murder and nonnegligent manslaughter","homicide offenses","persons",2010-07-11 05:00:00,-82.9394,42.3955,NA,NA,"261635019002002",NA,NA
"1494",7213895,"Detroit","09A","murder and nonnegligent manslaughter","homicide offenses","persons",2010-07-11 15:00:00,-83.2465,42.3939,NA,NA,"261635436003018",NA,NA
"1495",7214069,"Detroit","09A","murder and nonnegligent manslaughter","homicide offenses","persons",2010-07-12 02:00:00,-83.179,42.4134,NA,NA,"261635369004003",NA,NA
"1496",7214391,"Detroit","09A","murder and nonnegligent manslaughter","homicide offenses","persons",2010-07-13 01:00:00,-83.1184,42.4221,NA,NA,"261635383001006",NA,NA
"1497",7214538,"Detroit","09A","murder and nonnegligent manslaughter","homicide offenses","persons",2010-07-13 14:00:00,-83.1265,42.4175,NA,NA,"261635383002001",NA,NA
"1498",7215585,"Detroit","09A","murder and nonnegligent manslaughter","homicide offenses","persons",2010-07-16,-83.177,42.439,NA,NA,"261635392001005",NA,NA
"1499",7216015,"Detroit","09A","murder and nonnegligent manslaughter","homicide offenses","persons",2010-07-17 02:00:00,-83.0357,42.3324,NA,NA,"261635172001011",NA,NA
"1500",7216359,"Detroit","09A","murder and nonnegligent manslaughter","homicide offenses","persons",2010-07-18,-83.1132,42.3873,NA,NA,"261635318001003",NA,NA
"1501",7216479,"Detroit","09A","murder and nonnegligent manslaughter","homicide offenses","persons",2010-07-18 09:00:00,-83.0277,42.3882,NA,NA,"261635110004035",NA,NA
"1502",7217802,"Detroit","09A","murder and nonnegligent manslaughter","homicide offenses","persons",2010-07-21 17:00:00,-82.9706,42.4181,NA,NA,"261635041002001",NA,NA
"1503",7217806,"Detroit","09A","murder and nonnegligent manslaughter","homicide offenses","persons",2010-07-21 17:00:00,-82.9702,42.4184,NA,NA,"261635041001009",NA,NA
"1504",7217911,"Detroit","09B","negligent manslaughter","homicide offenses","persons",2010-07-21 23:00:00,-83.2028,42.3944,NA,NA,"261635424003004",NA,NA
"1505",7219199,"Detroit","09A","murder and nonnegligent manslaughter","homicide offenses","persons",2010-07-25 03:00:00,-82.9907,42.4362,NA,NA,"261635033002014",NA,NA
"1506",7219466,"Detroit","09A","murder and nonnegligent manslaughter","homicide offenses","persons",2010-07-25 22:00:00,-83.1139,42.3528,NA,NA,"261635272001016",NA,NA
"1507",7219716,"Detroit","09A","murder and nonnegligent manslaughter","homicide offenses","persons",2010-07-26 16:00:00,-82.9636,42.4066,NA,NA,"261635011003006",NA,NA
"1508",7220021,"Detroit","09A","murder and nonnegligent manslaughter","homicide offenses","persons",2010-07-27 12:00:00,-83.2461,42.3614,NA,NA,"261635466002005",NA,NA
"1509",7220154,"Detroit","09A","murder and nonnegligent manslaughter","homicide offenses","persons",2010-07-27 19:00:00,-83.2259,42.419,NA,NA,"261635405001011",NA,NA
"1510",7220298,"Detroit","09A","murder and nonnegligent manslaughter","homicide offenses","persons",2010-07-28 04:00:00,-83.1939,42.409,NA,NA,"261635376001003",NA,NA
"1511",7220301,"Detroit","09A","murder and nonnegligent manslaughter","homicide offenses","persons",2010-07-28 04:00:00,-82.9626,42.4167,NA,NA,"261635011005009",NA,NA
"1512",7220302,"Detroit","09A","murder and nonnegligent manslaughter","homicide offenses","persons",2010-07-28 04:00:00,-82.9626,42.4167,NA,NA,"261635011005009",NA,NA
"1513",7220304,"Detroit","09A","murder and nonnegligent manslaughter","homicide offenses","persons",2010-07-28 04:00:00,-82.9627,42.4169,NA,NA,"261635011005009",NA,NA
"1514",7220324,"Detroit","09A","murder and nonnegligent manslaughter","homicide offenses","persons",2010-07-28 07:00:00,-82.9726,42.403,NA,NA,"261635042004012",NA,NA
"1515",7220510,"Detroit","09A","murder and nonnegligent manslaughter","homicide offenses","persons",2010-07-28 19:00:00,-83.1359,42.4279,NA,NA,"261635384002004",NA,NA
"1516",7220936,"Detroit","09A","murder and nonnegligent manslaughter","homicide offenses","persons",2010-07-29 21:00:00,-83.1524,42.3592,NA,NA,"261635347004028",NA,NA
"1517",7220974,"Detroit","09A","murder and nonnegligent manslaughter","homicide offenses","persons",2010-07-29 23:00:00,-83.1052,42.3685,NA,NA,"261635331003005",NA,NA
"1518",7221484,"Detroit","09A","murder and nonnegligent manslaughter","homicide offenses","persons",2010-07-31 10:00:00,-82.9375,42.3597,NA,NA,"261635133001002",NA,NA
"1519",7222828,"Detroit","09A","murder and nonnegligent manslaughter","homicide offenses","persons",2010-08-03 22:00:00,-83.2173,42.3961,NA,NA,"261635425003008",NA,NA
"1520",7222899,"Detroit","09A","murder and nonnegligent manslaughter","homicide offenses","persons",2010-08-04 01:00:00,-82.9991,42.382,NA,NA,"261635143003023",NA,NA
"1521",7222907,"Detroit","09A","murder and nonnegligent manslaughter","homicide offenses","persons",2010-08-04 02:00:00,-82.9707,42.4289,NA,NA,"261635006003007",NA,NA
"1522",7223246,"Detroit","09A","murder and nonnegligent manslaughter","homicide offenses","persons",2010-08-04 23:00:00,-83.2175,42.362,NA,NA,"261635467001008",NA,NA
"1523",7223305,"Detroit","09A","murder and nonnegligent manslaughter","homicide offenses","persons",2010-08-05 03:00:00,-83.0257,42.4324,NA,NA,"261635063001003",NA,NA
"1524",7225102,"Detroit","09A","murder and nonnegligent manslaughter","homicide offenses","persons",2010-08-10 08:00:00,-82.9571,42.4128,NA,NA,"261635011002001",NA,NA
"1525",7225103,"Detroit","09A","murder and nonnegligent manslaughter","homicide offenses","persons",2010-08-10 08:00:00,-82.957,42.4128,NA,NA,"261635011002001",NA,NA
"1526",7225816,"Detroit","09A","murder and nonnegligent manslaughter","homicide offenses","persons",2010-08-12 03:00:00,-83.0766,42.3691,NA,NA,"261635339003012",NA,NA
"1527",7226906,"Detroit","09A","murder and nonnegligent manslaughter","homicide offenses","persons",2010-08-15 03:00:00,-83.0507,42.3291,NA,NA,"261635208001054",NA,NA
"1528",7227090,"Detroit","09A","murder and nonnegligent manslaughter","homicide offenses","persons",2010-08-15 17:00:00,-83.2613,42.3871,NA,NA,"261635438001013",NA,NA
"1529",7227219,"Detroit","09A","murder and nonnegligent manslaughter","homicide offenses","persons",2010-08-16 02:00:00,-83.2524,42.4325,NA,NA,"261635410003007",NA,NA
"1530",7228663,"Detroit","09A","murder and nonnegligent manslaughter","homicide offenses","persons",2010-08-19 23:00:00,-82.9552,42.3782,NA,NA,"261635129002002",NA,NA
"1531",7230007,"Detroit","09A","murder and nonnegligent manslaughter","homicide offenses","persons",2010-08-23 13:00:00,-83.0566,42.3245,NA,NA,"261635208001117",NA,NA
"1532",7230586,"Detroit","09A","murder and nonnegligent manslaughter","homicide offenses","persons",2010-08-25 02:00:00,-83.1834,42.4167,NA,NA,"261635395002017",NA,NA
"1533",7231421,"Detroit","09A","murder and nonnegligent manslaughter","homicide offenses","persons",2010-08-27 11:00:00,-83.2043,42.3683,NA,NA,"261635452004010",NA,NA
"1534",7232046,"Detroit","09A","murder and nonnegligent manslaughter","homicide offenses","persons",2010-08-29 06:00:00,-83.2035,42.3868,NA,NA,"261635426001004",NA,NA
"1535",7232299,"Detroit","09A","murder and nonnegligent manslaughter","homicide offenses","persons",2010-08-30,-83.1492,42.2779,NA,NA,"261635247006006",NA,NA
"1536",7232401,"Detroit","09A","murder and nonnegligent manslaughter","homicide offenses","persons",2010-08-30 09:00:00,-83.0347,42.3557,NA,NA,"261635188002035",NA,NA
"1537",7232710,"Detroit","09A","murder and nonnegligent manslaughter","homicide offenses","persons",2010-08-31 02:00:00,-83.0761,42.4231,NA,NA,"261635072002008",NA,NA
"1538",7233471,"Detroit","09A","murder and nonnegligent manslaughter","homicide offenses","persons",2010-09-02 01:00:00,-83.1302,42.3154,NA,NA,"261635241001011",NA,NA
"1539",7233812,"Detroit","09A","murder and nonnegligent manslaughter","homicide offenses","persons",2010-09-03,-82.9965,42.4145,NA,NA,"261635054004005",NA,NA
"1540",7233978,"Detroit","09A","murder and nonnegligent manslaughter","homicide offenses","persons",2010-09-03 11:00:00,-83.0902,42.434,NA,NA,"261635074004004",NA,NA
"1541",7234391,"Detroit","09A","murder and nonnegligent manslaughter","homicide offenses","persons",2010-09-04 13:00:00,-82.9432,42.4204,NA,NA,"261635009002009",NA,NA
"1542",7234890,"Detroit","09A","murder and nonnegligent manslaughter","homicide offenses","persons",2010-09-05 23:00:00,-83.0961,42.3784,NA,NA,"261635312003037",NA,NA
"1543",7235152,"Detroit","09A","murder and nonnegligent manslaughter","homicide offenses","persons",2010-09-06 21:00:00,-83.2433,42.3753,NA,NA,"261635464002002",NA,NA
"1544",7236308,"Detroit","09A","murder and nonnegligent manslaughter","homicide offenses","persons",2010-09-10 10:00:00,-83.0852,42.3937,NA,NA,"261635114003003",NA,NA
"1545",7238531,"Detroit","09A","murder and nonnegligent manslaughter","homicide offenses","persons",2010-09-16 16:00:00,-82.9934,42.4165,NA,NA,"261635054004001",NA,NA
"1546",7238681,"Detroit","09A","murder and nonnegligent manslaughter","homicide offenses","persons",2010-09-17 02:00:00,-83.1448,42.3764,NA,NA,"261635341002017",NA,NA
"1547",7238694,"Detroit","09A","murder and nonnegligent manslaughter","homicide offenses","persons",2010-09-17 04:00:00,-83.0223,42.3626,NA,NA,"261635162002009",NA,NA
"1548",7238750,"Detroit","09A","murder and nonnegligent manslaughter","homicide offenses","persons",2010-09-17 10:00:00,-83.1947,42.4211,NA,NA,"261635395004008",NA,NA
"1549",7239095,"Detroit","09A","murder and nonnegligent manslaughter","homicide offenses","persons",2010-09-18 03:00:00,-83.0723,42.4305,NA,NA,"261635071001009",NA,NA
"1550",7239722,"Detroit","09A","murder and nonnegligent manslaughter","homicide offenses","persons",2010-09-19 23:00:00,-82.9775,42.4336,NA,NA,"261635004001001",NA,NA
"1551",7239733,"Detroit","09B","negligent manslaughter","homicide offenses","persons",2010-09-20,-82.9921,42.4131,NA,NA,"261635039001009",NA,NA
"1552",7240278,"Detroit","09A","murder and nonnegligent manslaughter","homicide offenses","persons",2010-09-21 14:00:00,-83.06,42.4343,NA,NA,"261635069001008",NA,NA
"1553",7240466,"Detroit","09A","murder and nonnegligent manslaughter","homicide offenses","persons",2010-09-22 01:00:00,-83.1192,42.3574,NA,NA,"261635336003007",NA,NA
"1554",7240777,"Detroit","09A","murder and nonnegligent manslaughter","homicide offenses","persons",2010-09-23,-83.1507,42.3293,NA,NA,"261635260001013",NA,NA
"1555",7241364,"Detroit","09A","murder and nonnegligent manslaughter","homicide offenses","persons",2010-09-24 16:00:00,-82.9737,42.4344,NA,NA,"261635006005003",NA,NA
"1556",7241589,"Detroit","09A","murder and nonnegligent manslaughter","homicide offenses","persons",2010-09-25 04:00:00,-83.2201,42.4401,NA,NA,"261635408002018",NA,NA
"1557",7241816,"Detroit","09A","murder and nonnegligent manslaughter","homicide offenses","persons",2010-09-25 21:00:00,-83.0047,42.4342,NA,NA,"261635049001000",NA,NA
"1558",7241941,"Detroit","09B","negligent manslaughter","homicide offenses","persons",2010-09-26 04:00:00,-82.9905,42.3848,NA,NA,"261635141002000",NA,NA
"1559",7241960,"Detroit","09A","murder and nonnegligent manslaughter","homicide offenses","persons",2010-09-26 07:00:00,-83.1658,42.2644,NA,NA,"261635248005015",NA,NA
"1560",7242155,"Detroit","09A","murder and nonnegligent manslaughter","homicide offenses","persons",2010-09-26 22:00:00,-82.9326,42.4095,NA,NA,"261635014002008",NA,NA
"1561",7243478,"Detroit","09A","murder and nonnegligent manslaughter","homicide offenses","persons",2010-09-30 18:00:00,-83.193,42.3931,NA,NA,"261635378001002",NA,NA
"1562",7243610,"Detroit","09A","murder and nonnegligent manslaughter","homicide offenses","persons",2010-10-01 01:00:00,-83.217,42.3653,NA,NA,"261635469001035",NA,NA
"1563",7244018,"Detroit","09A","murder and nonnegligent manslaughter","homicide offenses","persons",2010-10-02,-83.1202,42.4061,NA,NA,"261635301001005",NA,NA
"1564",7244266,"Detroit","09A","murder and nonnegligent manslaughter","homicide offenses","persons",2010-10-02 20:00:00,-82.9739,42.4394,NA,NA,"261635003004009",NA,NA
"1565",7244662,"Detroit","09A","murder and nonnegligent manslaughter","homicide offenses","persons",2010-10-03 23:00:00,-83.1867,42.3882,NA,NA,"261635378003004",NA,NA
"1566",7245000,"Detroit","09A","murder and nonnegligent manslaughter","homicide offenses","persons",2010-10-05 02:00:00,-82.9977,42.4237,NA,NA,"261635036002004",NA,NA
"1567",7245313,"Detroit","09A","murder and nonnegligent manslaughter","homicide offenses","persons",2010-10-05 22:00:00,-83.2048,42.4339,NA,NA,"261635402002001",NA,NA
"1568",7245314,"Detroit","09A","murder and nonnegligent manslaughter","homicide offenses","persons",2010-10-05 22:00:00,-83.2051,42.434,NA,NA,"261635402003008",NA,NA
"1569",7245658,"Detroit","09A","murder and nonnegligent manslaughter","homicide offenses","persons",2010-10-06 22:00:00,-83.0683,42.3705,NA,NA,"261635119001026",NA,NA
"1570",7245932,"Detroit","09A","murder and nonnegligent manslaughter","homicide offenses","persons",2010-10-07 18:00:00,-83.1622,42.4001,NA,NA,"261635367001003",NA,NA
"1571",7245995,"Detroit","09A","murder and nonnegligent manslaughter","homicide offenses","persons",2010-10-07 22:00:00,-83.0248,42.3411,NA,NA,"261635166001001",NA,NA
"1572",7246388,"Detroit","09A","murder and nonnegligent manslaughter","homicide offenses","persons",2010-10-08 23:00:00,-83.1148,42.4321,NA,NA,"261635079001001",NA,NA
"1573",7246734,"Detroit","09A","murder and nonnegligent manslaughter","homicide offenses","persons",2010-10-10 01:00:00,-83.0369,42.362,NA,NA,"261635188001019",NA,NA
"1574",7246795,"Detroit","09A","murder and nonnegligent manslaughter","homicide offenses","persons",2010-10-10 04:00:00,-83.0638,42.3782,NA,NA,"261635112001010",NA,NA
"1575",7246995,"Detroit","09A","murder and nonnegligent manslaughter","homicide offenses","persons",2010-10-10 20:00:00,-83.0241,42.4288,NA,NA,"261635063001009",NA,NA
"1576",7248474,"Detroit","09A","murder and nonnegligent manslaughter","homicide offenses","persons",2010-10-15 01:00:00,-83.2488,42.3991,NA,NA,"261635436002001",NA,NA
"1577",7248622,"Detroit","09A","murder and nonnegligent manslaughter","homicide offenses","persons",2010-10-15 13:00:00,-83.2012,42.4303,NA,NA,"261635403001000",NA,NA
"1578",7248898,"Detroit","09A","murder and nonnegligent manslaughter","homicide offenses","persons",2010-10-16 04:00:00,-83.1584,42.3978,NA,NA,"261635364002007",NA,NA
"1579",7249355,"Detroit","09A","murder and nonnegligent manslaughter","homicide offenses","persons",2010-10-17 15:00:00,-83.2379,42.3729,NA,NA,"261635464001011",NA,NA
"1580",7249889,"Detroit","09A","murder and nonnegligent manslaughter","homicide offenses","persons",2010-10-19 04:00:00,-83.0044,42.4345,NA,NA,"261635033004011",NA,NA
"1581",7249986,"Detroit","09A","murder and nonnegligent manslaughter","homicide offenses","persons",2010-10-19 13:00:00,-83.1723,42.3966,NA,NA,"261635371001002",NA,NA
"1582",7250029,"Detroit","09A","murder and nonnegligent manslaughter","homicide offenses","persons",2010-10-19 15:00:00,-83.1468,42.3348,NA,NA,"261635262001010",NA,NA
"1583",7250853,"Detroit","09A","murder and nonnegligent manslaughter","homicide offenses","persons",2010-10-22,-83.0881,42.4435,NA,NA,"261635075002002",NA,NA
"1584",7251078,"Detroit","09A","murder and nonnegligent manslaughter","homicide offenses","persons",2010-10-22 16:00:00,-83.1746,42.4452,NA,NA,"261635392004004",NA,NA
"1585",7252537,"Detroit","09A","murder and nonnegligent manslaughter","homicide offenses","persons",2010-10-26 14:00:00,-83.1492,42.404,NA,NA,"261635363006017",NA,NA
"1586",7252593,"Detroit","09A","murder and nonnegligent manslaughter","homicide offenses","persons",2010-10-26 18:00:00,-83.2551,42.4434,NA,NA,"261635409002000",NA,NA
"1587",7252716,"Detroit","09A","murder and nonnegligent manslaughter","homicide offenses","persons",2010-10-27,-82.9954,42.4471,NA,NA,"261635032003018",NA,NA
"1588",7253091,"Detroit","09A","murder and nonnegligent manslaughter","homicide offenses","persons",2010-10-28 01:00:00,-83.2377,42.3836,NA,NA,"261635437001009",NA,NA
"1589",7254927,"Detroit","09A","murder and nonnegligent manslaughter","homicide offenses","persons",2010-11-02,-83.2499,42.4263,NA,NA,"261635412001005",NA,NA
"1590",7255846,"Detroit","09A","murder and nonnegligent manslaughter","homicide offenses","persons",2010-11-04 22:00:00,-83.1344,42.4002,NA,NA,"261635303001009",NA,NA
"1591",7256148,"Detroit","09A","murder and nonnegligent manslaughter","homicide offenses","persons",2010-11-05 19:00:00,-83.1422,42.4343,NA,NA,"261635389003017",NA,NA
"1592",7256159,"Detroit","09A","murder and nonnegligent manslaughter","homicide offenses","persons",2010-11-05 20:00:00,-83.1356,42.3518,NA,NA,"261635265001000",NA,NA
"1593",7256208,"Detroit","09A","murder and nonnegligent manslaughter","homicide offenses","persons",2010-11-05 23:00:00,-83.0211,42.3344,NA,NA,"261635165001007",NA,NA
"1594",7256811,"Detroit","09A","murder and nonnegligent manslaughter","homicide offenses","persons",2010-11-07 16:00:00,-83.2253,42.4298,NA,NA,"261635405004007",NA,NA
"1595",7256818,"Detroit","09A","murder and nonnegligent manslaughter","homicide offenses","persons",2010-11-07 16:00:00,-83.077,42.4152,NA,NA,"261635104002022",NA,NA
"1596",7256931,"Detroit","09A","murder and nonnegligent manslaughter","homicide offenses","persons",2010-11-08 01:00:00,-83.1974,42.3679,NA,NA,"261635452001007",NA,NA
"1597",7257214,"Detroit","09A","murder and nonnegligent manslaughter","homicide offenses","persons",2010-11-08 21:00:00,-83.222,42.3658,NA,NA,"261635468002002",NA,NA
"1598",7258320,"Detroit","09A","murder and nonnegligent manslaughter","homicide offenses","persons",2010-11-12 08:00:00,-83.1847,42.3925,NA,NA,"261635378002004",NA,NA
"1599",7258577,"Detroit","09A","murder and nonnegligent manslaughter","homicide offenses","persons",2010-11-12 23:00:00,-83.0441,42.3591,NA,NA,"261635189001018",NA,NA
"1600",7258871,"Detroit","09A","murder and nonnegligent manslaughter","homicide offenses","persons",2010-11-13 21:00:00,-83.2568,42.4074,NA,NA,"261635435002011",NA,NA
"1601",7259171,"Detroit","09A","murder and nonnegligent manslaughter","homicide offenses","persons",2010-11-14 16:00:00,-83.1712,42.3875,NA,NA,"261635372002002",NA,NA
"1602",7259196,"Detroit","09A","murder and nonnegligent manslaughter","homicide offenses","persons",2010-11-14 18:00:00,-83.0097,42.3928,NA,NA,"261635055002024",NA,NA
"1603",7259325,"Detroit","09A","murder and nonnegligent manslaughter","homicide offenses","persons",2010-11-15 03:00:00,-83.1121,42.3294,NA,NA,"261635256001009",NA,NA
"1604",7260998,"Detroit","09A","murder and nonnegligent manslaughter","homicide offenses","persons",2010-11-19 22:00:00,-83.1146,42.3548,NA,NA,"261635272001007",NA,NA
"1605",7261337,"Detroit","09A","murder and nonnegligent manslaughter","homicide offenses","persons",2010-11-20 23:00:00,-83.0015,42.4464,NA,NA,"261635032003013",NA,NA
"1606",7261675,"Detroit","09A","murder and nonnegligent manslaughter","homicide offenses","persons",2010-11-21 23:00:00,-83.2306,42.3431,NA,NA,"261635458004003",NA,NA
"1607",7261891,"Detroit","09A","murder and nonnegligent manslaughter","homicide offenses","persons",2010-11-22 16:00:00,-83.108,42.36,NA,NA,"261635333002013",NA,NA
"1608",7262279,"Detroit","09A","murder and nonnegligent manslaughter","homicide offenses","persons",2010-11-23 19:00:00,-83.0993,42.4396,NA,NA,"261635081005004",NA,NA
"1609",7262745,"Detroit","09A","murder and nonnegligent manslaughter","homicide offenses","persons",2010-11-25 07:00:00,-83.2188,42.3678,NA,NA,"261635469001032",NA,NA
"1610",7263205,"Detroit","09A","murder and nonnegligent manslaughter","homicide offenses","persons",2010-11-26 23:00:00,-83.0189,42.4189,NA,NA,"261635048002000",NA,NA
"1611",7263526,"Detroit","09A","murder and nonnegligent manslaughter","homicide offenses","persons",2010-11-27 23:00:00,-83.1106,42.3483,NA,NA,"261635273001000",NA,NA
"1612",7263666,"Detroit","09A","murder and nonnegligent manslaughter","homicide offenses","persons",2010-11-28 11:00:00,-83.0352,42.3378,NA,NA,"261635170001005",NA,NA
"1613",7263831,"Detroit","09A","murder and nonnegligent manslaughter","homicide offenses","persons",2010-11-28 22:00:00,-83.0555,42.4314,NA,NA,"261635070001007",NA,NA
"1614",7264479,"Detroit","09A","murder and nonnegligent manslaughter","homicide offenses","persons",2010-11-30 21:00:00,-83.0598,42.3441,NA,NA,"261635225002001",NA,NA
"1615",7264563,"Detroit","09A","murder and nonnegligent manslaughter","homicide offenses","persons",2010-12-01 03:00:00,-83.2056,42.4306,NA,NA,"261635402002007",NA,NA
"1616",7265279,"Detroit","09A","murder and nonnegligent manslaughter","homicide offenses","persons",2010-12-03 03:00:00,-83.1238,42.4161,NA,NA,"261635301003002",NA,NA
"1617",7265507,"Detroit","09A","murder and nonnegligent manslaughter","homicide offenses","persons",2010-12-03 20:00:00,-83.1994,42.3887,NA,NA,"261635424001006",NA,NA
"1618",7265622,"Detroit","09A","murder and nonnegligent manslaughter","homicide offenses","persons",2010-12-04 03:00:00,-83.108,42.3307,NA,NA,"261635256002002",NA,NA
"1619",7265675,"Detroit","09A","murder and nonnegligent manslaughter","homicide offenses","persons",2010-12-04 09:00:00,-83.0766,42.3526,NA,NA,"261635219002006",NA,NA
"1620",7265947,"Detroit","09A","murder and nonnegligent manslaughter","homicide offenses","persons",2010-12-05 02:00:00,-83.1494,42.288,NA,NA,"261635245001011",NA,NA
"1621",7265950,"Detroit","09A","murder and nonnegligent manslaughter","homicide offenses","persons",2010-12-05 02:00:00,-82.968,42.4265,NA,NA,"261635005003001",NA,NA
"1622",7266269,"Detroit","09A","murder and nonnegligent manslaughter","homicide offenses","persons",2010-12-06 08:00:00,-82.9937,42.4208,NA,NA,"261635054003008",NA,NA
"1623",7266848,"Detroit","09A","murder and nonnegligent manslaughter","homicide offenses","persons",2010-12-08 03:00:00,-83.0284,42.3817,NA,NA,"261635161002004",NA,NA
"1624",7267076,"Detroit","09A","murder and nonnegligent manslaughter","homicide offenses","persons",2010-12-08 19:00:00,-83.1381,42.3505,NA,NA,"261635265001003",NA,NA
"1625",7267316,"Detroit","09A","murder and nonnegligent manslaughter","homicide offenses","persons",2010-12-09 14:00:00,-83.0342,42.35,NA,NA,"261635189001057",NA,NA
"1626",7267341,"Detroit","09A","murder and nonnegligent manslaughter","homicide offenses","persons",2010-12-09 17:00:00,-83.0924,42.3636,NA,NA,"261635330001018",NA,NA
"1627",7267604,"Detroit","09A","murder and nonnegligent manslaughter","homicide offenses","persons",2010-12-10 16:00:00,-83.1761,42.3873,NA,NA,"261635372002006",NA,NA
"1628",7267917,"Detroit","09A","murder and nonnegligent manslaughter","homicide offenses","persons",2010-12-11 17:00:00,-82.9891,42.38,NA,NA,"261635141001002",NA,NA
"1629",7268275,"Detroit","09A","murder and nonnegligent manslaughter","homicide offenses","persons",2010-12-13 03:00:00,-83.0492,42.3557,NA,NA,"261635189001018",NA,NA
"1630",7268969,"Detroit","09A","murder and nonnegligent manslaughter","homicide offenses","persons",2010-12-15 18:00:00,-83.0842,42.3467,NA,NA,"261635219003054",NA,NA
"1631",7269086,"Detroit","09A","murder and nonnegligent manslaughter","homicide offenses","persons",2010-12-16 04:00:00,-83.1414,42.3997,NA,NA,"261635364004001",NA,NA
"1632",7269565,"Detroit","09A","murder and nonnegligent manslaughter","homicide offenses","persons",2010-12-17 18:00:00,-83.1894,42.3951,NA,NA,"261635377002004",NA,NA
"1633",7269592,"Detroit","09A","murder and nonnegligent manslaughter","homicide offenses","persons",2010-12-17 19:00:00,-83.1415,42.3591,NA,NA,"261635346003001",NA,NA
"1634",7269705,"Detroit","09A","murder and nonnegligent manslaughter","homicide offenses","persons",2010-12-18 03:00:00,-83.1314,42.3455,NA,NA,"261635265003004",NA,NA
"1635",7270006,"Detroit","09A","murder and nonnegligent manslaughter","homicide offenses","persons",2010-12-19 02:00:00,-83.0424,42.3326,NA,NA,"261635172001044",NA,NA
"1636",7270939,"Detroit","09A","murder and nonnegligent manslaughter","homicide offenses","persons",2010-12-22 04:00:00,-83.0377,42.3989,NA,NA,"261635107001004",NA,NA
"1637",7271003,"Detroit","09A","murder and nonnegligent manslaughter","homicide offenses","persons",2010-12-22 11:00:00,-82.9605,42.4042,NA,NA,"261635121004007",NA,NA
"1638",7271024,"Detroit","09A","murder and nonnegligent manslaughter","homicide offenses","persons",2010-12-22 12:00:00,-83.1116,42.33,NA,NA,"261635256001010",NA,NA
"1639",7271123,"Detroit","09A","murder and nonnegligent manslaughter","homicide offenses","persons",2010-12-22 19:00:00,-83.1984,42.4049,NA,NA,"261635375005003",NA,NA
"1640",7271487,"Detroit","09A","murder and nonnegligent manslaughter","homicide offenses","persons",2010-12-23 23:00:00,-82.9603,42.4039,NA,NA,"261635121004007",NA,NA
"1641",7272226,"Detroit","09A","murder and nonnegligent manslaughter","homicide offenses","persons",2010-12-27 02:00:00,-83.1221,42.3929,NA,NA,"261635315001000",NA,NA
"1642",7273225,"Detroit","09A","murder and nonnegligent manslaughter","homicide offenses","persons",2010-12-30 14:00:00,-83.1799,42.4125,NA,NA,"261635369002007",NA,NA
"1643",7273493,"Detroit","09A","murder and nonnegligent manslaughter","homicide offenses","persons",2010-12-31 10:00:00,-83.1304,42.3347,NA,NA,"261635258001000",NA,NA
"1644",7273658,"Detroit","09A","murder and nonnegligent manslaughter","homicide offenses","persons",2010-12-31 20:00:00,-83.0933,42.373,NA,NA,"261635327001012",NA,NA
"1645",7568299,"Detroit","09A","murder and nonnegligent manslaughter","homicide offenses","persons",2022-01-03 23:07:00,-82.945309,42.421349,NA,NA,"261635009002007",NA,NA
"1646",7586810,"Detroit","09A","murder and nonnegligent manslaughter","homicide offenses","persons",2022-04-12 00:39:00,-83.138719,42.366594,NA,NA,"261635348003023",NA,NA
"1647",7594282,"Detroit","09A","murder and nonnegligent manslaughter","homicide offenses","persons",2022-05-17 18:02:00,-83.04165,42.411917,NA,NA,"261635113002022",NA,NA
"1648",9206992,"Houston","09A","murder and nonnegligent manslaughter","homicide offenses","persons",2022-06-23,-95.47319,29.840339,"vehicle parking","open space","482015315001002",NA,NA
"1649",9211369,"Houston","09A","murder and nonnegligent manslaughter","homicide offenses","persons",2022-06-29,-95.335798,29.743226,"residence","residence","482013103005004",NA,NA
"1650",9235562,"Houston","09A","murder and nonnegligent manslaughter","homicide offenses","persons",2022-08-01,-95.266587,29.611555,"convenience store","retail","482013338021008",NA,NA
"1651",9275595,"Houston","09A","murder and nonnegligent manslaughter","homicide offenses","persons",2022-09-25,-95.39214,29.79733,"other","other","482015113022004",NA,NA
"1652",9312978,"Houston","09A","murder and nonnegligent manslaughter","homicide offenses","persons",2022-11-17,-95.582513,29.674934,"gas station","retail","482014534032000",NA,NA
"1653",9316896,"Houston","09A","murder and nonnegligent manslaughter","homicide offenses","persons",2022-11-24,-95.587663,29.740663,"residence","residence","482014510042000",NA,NA
"1654",9318738,"Houston","09A","murder and nonnegligent manslaughter","homicide offenses","persons",2022-11-27,-95.269757,29.810208,"bar/club","leisure","482012311001017",NA,NA
"1655",10808251,"Kansas City","09A","murder and nonnegligent manslaughter","homicide offenses","persons",2022-01-26 20:34:00,-94.557016,39.102675,NA,NA,"290950154022005",2022-01-26 20:34:00,2022-01-26 20:34:00
"1656",10811587,"Kansas City","09A","murder and nonnegligent manslaughter","homicide offenses","persons",2022-02-10 21:14:00,-94.454634,39.050054,NA,NA,"290950170002005",2022-02-10 21:14:00,2022-02-10 21:14:00
"1657",10814045,"Kansas City","09A","murder and nonnegligent manslaughter","homicide offenses","persons",2022-02-22 17:00:00,-94.52361,38.95085,NA,NA,"290950130032000",2022-02-22 17:00:00,2022-02-22 17:00:00
"1658",10840654,"Kansas City","09A","murder and nonnegligent manslaughter","homicide offenses","persons",2022-06-13 11:58:00,-94.578142,39.100105,NA,NA,"290950159002017",2022-06-13 11:58:00,2022-06-13 11:58:00
"1659",10856068,"Kansas City","09A","murder and nonnegligent manslaughter","homicide offenses","persons",2022-08-13 09:48:00,-94.55814,39.10688,NA,NA,"290950010002009",2022-08-13 09:48:00,2022-08-13 09:49:00
"1660",10875642,"Kansas City","09A","murder and nonnegligent manslaughter","homicide offenses","persons",2022-10-30 09:40:00,-94.518025,39.069668,NA,NA,"290950164001065",2022-10-30 09:40:00,2022-10-30 09:40:00
"1661",13531346,"Los Angeles","09A","murder and nonnegligent manslaughter","homicide offenses","persons",2022-01-18 05:40:00,-118.2868,33.9201,"street","street","060372911102016",NA,NA
"1662",13616090,"Los Angeles","09A","murder and nonnegligent manslaughter","homicide offenses","persons",2022-05-27 17:54:00,-118.3024,33.9746,"vehicle parking","open space","060372374023008",NA,NA
"1663",13642098,"Los Angeles","09A","murder and nonnegligent manslaughter","homicide offenses","persons",2022-07-03 17:58:00,-118.2684,33.947,"street","street","060372406003003",NA,NA
"1664",13661197,"Los Angeles","09A","murder and nonnegligent manslaughter","homicide offenses","persons",2022-08-02 04:40:00,-118.2868,34.0704,"residence","residence","060372111222001",NA,NA
"1665",13688138,"Los Angeles","09A","murder and nonnegligent manslaughter","homicide offenses","persons",2022-09-11 21:00:00,-118.2119,34.0762,"street","street","060371992012002",NA,NA
"1666",13705271,"Los Angeles","09A","murder and nonnegligent manslaughter","homicide offenses","persons",2022-10-08 02:50:00,-118.2826,33.9374,"street","street","060372412025000",NA,NA
"1667",13743817,"Los Angeles","09A","murder and nonnegligent manslaughter","homicide offenses","persons",2022-12-08 00:58:00,-118.4334,34.1794,"residence","residence","060371286013000",NA,NA
"1668",14397192,"Louisville","09A","murder and nonnegligent manslaughter","homicide offenses","persons",2022-09-18 09:21:00,-85.791275,38.22741,"vehicle parking","open space","211110016002004",NA,NA
"1669",14400555,"Louisville","09A","murder and nonnegligent manslaughter","homicide offenses","persons",2022-10-22 21:04:00,-85.776789,38.249031,"residence","residence","211110024022053",NA,NA
"1670",15969751,"Memphis","09A","murder and nonnegligent manslaughter","homicide offenses","persons",2022-09-14 01:02:00,-89.976,35.199,NA,NA,"471570102204016",NA,NA
"1671",15984457,"Memphis","09A","murder and nonnegligent manslaughter","homicide offenses","persons",2022-11-01 16:54:00,-90.03,35.102,NA,NA,"471570057002029",NA,NA
"1672",16404643,"Minneapolis","09A","murder and nonnegligent manslaughter","homicide offenses","persons",2022-12-08 12:30:00,-93.29468,44.98898,NA,NA,"270531034001011",NA,NA
"1673",17122136,"Nashville","09A","murder and nonnegligent manslaughter","homicide offenses","persons",2022-01-24 16:18:00,-86.757,36.167,"street","street","470370193002005",NA,NA
"1674",17131783,"Nashville","09A","murder and nonnegligent manslaughter","homicide offenses","persons",2022-03-11 20:41:00,-86.8,36.168,"residence","residence","470370142001022",NA,NA
"1675",24529975,"New York","09A","murder and nonnegligent manslaughter","homicide offenses","persons",2022-05-02 17:53:00,-73.905598,40.884487,NA,NA,"360050287001000",2022-05-02 17:53:00,NA
"1676",24691469,"New York","09A","murder and nonnegligent manslaughter","homicide offenses","persons",2022-08-19 16:00:00,-73.907057,40.818355,NA,NA,"360050075002008",2022-08-19 16:00:00,NA
